10700;#doc=Derevnya.2.txt;;;;;;;;;;;;;;;
10701;1; ирилл; »–»ЋЋ;S m anim pers nom sg;;;л;л;и;р;и;к;S; »–»ЋЋ;S m anim nom sg;
10702;2;@;@;PUNC;;;;;;;;;PUNC;@;PUNC;
10703;3;Ќу;Ќ”;PART;;;у;н;;;;;PART;Ќ”;PART;
10704;4;в;¬ ќЅў≈ћ;PARENTH слитно;;;в;;;;;;PR;¬;PR;
10705;5;общем;¬ ќЅў≈ћ;PARENTH;;;м;е;щ;б;о;;A;ќЅў»…;A - loc sg plen m -;
10706;6;/;/;PUNC;;;;;;;;;PUNC;/;PUNC;
10707;7;/;/;PUNC;;;;;;;;;PUNC;/;PUNC;
10708;8;“ак;“ј ;ADV -;;;к;а;т;;;;ADV;“ј ;ADV -;
10709;9;получилось;ѕќЋ”„»“№—я;V pf praet sg indic n -;;;ь;с;о;л;и;ч;V;ѕќЋ”„»“№—я;V pf praet sg indic n -;
10710;10;что;„“ќ;CONJ;;;о;т;ч;;;;CONJ;„“ќ;CONJ;
10711;11;по;ѕќ;PR;;;о;п;;;;;PR;ѕќ;PR;
10712;12;маминой;ћјћ»Ќ;A - dat sg plen f -;;;й;о;н;и;м;а;A;ћјћ»Ќ;A - dat sg plen f -;
10713;13;линии;Ћ»Ќ»я;S f inan gen sg;;;и;и;н;и;л;;S;Ћ»Ќ»я;S f inan dat sg;
10714;14;€;я;SPRO sg 1p - nom;;;€;;;;;;SPRO;я;SPRO sg 1p - nom;
10715;15;/;/;PUNC;;;;;;;;;PUNC;/;PUNC;
10716;16;ну;Ќ”;PART;;;у;н;;;;;PART;Ќ”;PART;
10717;17;наполовину;ЌјѕќЋќ¬»Ќ”;ADV -;;;у;н;и;в;о;л;ADV;ЌјѕќЋќ¬»Ќ”;ADV -;
10718;18;из;»«;PR;;;з;и;;;;;PR;»«;PR;
10719;19;деревни;ƒ≈–≈¬Ќя;S f inan gen sg;;;и;н;в;е;р;е;S;ƒ≈–≈¬Ќя;S f inan gen sg;
10720;20;/;/;PUNC;;;;;;;;;PUNC;/;PUNC;
10721;21;то;“ќ;CONJ;;;о;т;;;;;CONJ;“ќ;CONJ;
10722;22;&;&;PUNC;;;;;;;;;PUNC;&;PUNC;
10723;23;lt;LT;NONLEX;;;;;;;;;NONLEX;LT;NONLEX;
10724;24;";";";";PUNC;;;;;;;;;PUNC;";";PUNC;
10725;25;distinct;DISTINCT;NONLEX;;;;;;;;;NONLEX;DISTINCT;NONLEX;
10726;26;form;FORM;NONLEX;;;;;;;;;NONLEX;FORM;NONLEX;
10727;27;=;=;PUNC;;;;;;;;;PUNC;=;PUNC;
10728;28;&;&;PUNC;;;;;;;;;PUNC;&;PUNC;
10729;29;#;#;PUNC;;;;;;;;;PUNC;#;PUNC;
10730;30;39;39;NUM - - -;;;;;;;;;NUM;39;NUM - - -;
10731;31;";";";";PUNC;;;;;;;;;PUNC;";";PUNC;
10732;32;есь;Ѕџ“№;V ipf praes sg indic - 3p;;;ь;с;е;;;;S;≈—№;S f inan nonflex nonflex;
10733;33;&;&;PUNC;;;;;;;;;PUNC;&;PUNC;
10734;34;#;#;PUNC;;;;;;;;;PUNC;#;PUNC;
10735;35;39;39;NUM - - -;;;;;;;;;NUM;39;NUM - - -;
10736;36;";";";";SENT;;;;;;;;;SENT;";";SENT;
10737;;;;;;;;;;;;;;;;
10738;1;&;&;PUNC;;;;;;;;;PUNC;&;PUNC;
10739;2;gt;GT;NONLEX;;;;;;;;;NONLEX;GT;NONLEX;
10740;3;";";";";PUNC;;;;;;;;;PUNC;";";PUNC;
10741;4;есть;Ѕџ“№;V ipf praes sg indic - 3p;;;ь;т;с;е;;;V;Ѕџ“№;V ipf praes sg indic - 3p;
10742;5;&;&;PUNC;;;;;;;;;PUNC;&;PUNC;
10743;6;lt;LT;NONLEX;;;;;;;;;NONLEX;LT;NONLEX;
10744;7;";";";";SENT;;;;;;;;;SENT;";";SENT;
10745;;;;;;;;;;;;;;;;
10746;1;/;/;PUNC;;;;;;;;;PUNC;/;PUNC;
10747;2;distinct;DISTINCT;NONLEX;;;;;;;;;NONLEX;DISTINCT;NONLEX;
10748;3;&;&;PUNC;;;;;;;;;PUNC;&;PUNC;
10749;4;gt;GT;NONLEX;;;;;;;;;NONLEX;GT;NONLEX;
10750;5;";";";";SENT;;;;;;;;;SENT;";";SENT;
10751;;;;;;;;;;;;;;;;
10752;1;если;≈—Ћ»;CONJ;;;и;л;с;е;;;CONJ;≈—Ћ»;CONJ;
10753;2;по;ѕќ;PR;;;о;п;;;;;PR;ѕќ;PR;
10754;3;отцу;ќ“≈÷;S m anim dat sg;;;у;ц;т;о;;;S;ќ“≈÷;S m anim dat sg;
10755;4;€;я;SPRO sg 1p - nom;;;€;;;;;;SPRO;я;SPRO sg 1p - nom;
10756;5;как бы;как бы;PART;;;ы;б; ;к;а;к;-;как бы;-;
10757;6;москвич;ћќ— ¬»„;S m anim nom sg;;;ч;и;в;к;с;о;S;ћќ— ¬»„;S m anim nom sg;
10758;7;то;“ќ;CONJ;;;о;т;;;;;CONJ;“ќ;CONJ;
10759;8;по;ѕќ;PR;;;о;п;;;;;PR;ѕќ;PR;
10760;9;маме;ћјћј;S f anim dat sg;;;е;м;а;м;;;S;ћјћј;S f anim dat sg;
10761;10;€;я;SPRO sg 1p - nom;;;€;;;;;;SPRO;я;SPRO sg 1p - nom;
10762;11;из;»«;PR;;;з;и;;;;;PR;»«;PR;
10763;12;деревни;ƒ≈–≈¬Ќя;S f inan gen sg;;;и;н;в;е;р;е;S;ƒ≈–≈¬Ќя;S f inan gen sg;
10764;13;/;/;PUNC;;;;;;;;;PUNC;/;PUNC;
10765;14;/;/;PUNC;;;;;;;;;PUNC;/;PUNC;
10766;15;ƒеревн€;ƒ≈–≈¬Ќя;S f inan nom sg;;;€;н;в;е;р;е;S;ƒ≈–≈¬Ќя;S f inan nom sg;
10767;16;была;Ѕџ“№;V ipf praet sg indic f -;;;а;л;ы;б;;;V;Ѕџ“№;V ipf praet sg indic f -;
10768;17;деревн€;ƒ≈–≈¬Ќя;S f inan nom sg;;;€;н;в;е;р;е;S;ƒ≈–≈¬Ќя;S f inan nom sg;
10769;18;сейчас;—≈…„ј—;ADV -;;;с;а;ч;й;е;с;ADV;—≈…„ј—;ADV -;
10770;19;находитс€;Ќј’ќƒ»“№—я;V ipf praes sg indic - 3p;;;€;с;т;и;д;о;V;Ќј’ќƒ»“№—я;V ipf praes sg indic - 3p;
10771;20;в;¬;PR;;;в;;;;;;PR;¬;PR;
10772;21;Ћипецкой;Ћ»ѕ≈÷ »…;A - loc sg plen f -;;;й;о;к;ц;е;п;A;Ћ»ѕ≈÷ »…;A - gen sg plen f -;
10773;22;области;ќЅЋј—“№;S f inan loc sg;;;и;т;с;а;л;б;S;ќЅЋј—“№;S f inan gen sg;
10774;23;/;/;PUNC;;;;;;;;;PUNC;/;PUNC;
10775;24;раньше;–јЌќ;ADJ;;;е;ш;ь;н;а;р;ADV;–јЌќ;ADV comp;
10776;25;это;Ё“ќ;S n - nom sg;;;о;т;э;;;;S;Ё“ќ;S n - nom sg;
10777;26;была;Ѕџ“№;V ipf praet sg indic f -;;;а;л;ы;б;;;V;Ѕџ“№;V ipf praet sg indic f -;
10778;27;така€;“ј ќ…;A - nom sg plen f -;;;€;а;к;а;т;;A;“ј ќ…;A - nom sg plen f -;
10779;28;–€занска€;–я«јЌ— »…;A - nom sg plen f -;;;€;а;к;с;н;а;A;–я«јЌ— »…;A - nom sg plen f -;
10780;29;губерни€;√”Ѕ≈–Ќ»я;S f inan nom sg;;;€;и;н;р;е;б;S;√”Ѕ≈–Ќ»я;S f inan nom sg;
10781;30;нормальна€;Ќќ–ћјЋ№Ќџ…;A - nom sg plen f -;;;€;а;н;ь;л;а;A;Ќќ–ћјЋ№Ќџ…;A - nom sg plen f -;
10782;31;/;/;PUNC;;;;;;;;;PUNC;/;PUNC;
10783;32;/;/;PUNC;;;;;;;;;PUNC;/;PUNC;
10784;33;¬от;¬ќ“;PART;;;т;о;в;;;;PART;¬ќ“;PART;
10785;34;/;/;PUNC;;;;;;;;;PUNC;/;PUNC;
10786;35;это;Ё“ќ;S n - nom sg;;;о;т;э;;;;S;Ё“ќ;S n - nom sg;
10787;36;место;ћ≈—“ќ;S n inan nom sg;;;о;т;с;е;м;;S;ћ≈—“ќ;S n inan nom sg;
10788;37;на;Ќј;PR;;;а;н;;;;;PR;Ќј;PR;
10789;38;берегу;Ѕ≈–≈√;S m inan loc2 sg;;;у;г;е;р;е;б;S;Ѕ≈–≈√;S m inan loc2 sg;
10790;39;реки;–≈ ј;S f inan gen sg;;;и;к;е;р;;;S;–≈ ј;S f inan gen sg;
10791;40;ƒон;ƒќЌ;S m inan nom sg;;;н;о;д;;;;S;ƒќЌ;S m inan nom sg;
10792;41;/;/;PUNC;;;;;;;;;PUNC;/;PUNC;
10793;42;там;“јћ;PART;;;м;а;т;;;;ADV;“јћ;ADV -;
10794;43;метров;ћ≈“–;S m inan adnum pl;;;в;о;р;т;е;м;S;ћ≈“–;S m inan gen pl;
10795;44;шестьсот;Ў≈—“№—ќ“;NUM acc - -;;;т;о;с;ь;т;с;NUM;Ў≈—“№—ќ“;NUM acc - -;
10796;45;-;-;PUNC;;;;;;;;;PUNC;-;PUNC;
10797;46;семьсот;—≈ћ№—ќ“;NUM acc - -;;;т;о;с;ь;м;е;NUM;—≈ћ№—ќ“;NUM acc - -;
10798;47;от;ќ“;PR;;;т;о;;;;;PR;ќ“;PR;
10799;48;неЄ;ќЌј;SPRO sg 3p f gen;;;Є;е;н;;;;SPRO;ќЌј;SPRO sg 3p f acc;
10800;49;/;/;PUNC;;;;;;;;;PUNC;/;PUNC;
10801;50;/;/;PUNC;;;;;;;;;PUNC;/;PUNC;
10802;51;ќсновали;ќ—Ќќ¬ј“№;V pf praet pl indic - -;;;и;л;а;в;о;н;V;ќ—Ќќ¬ј“№;V pf praet pl indic - -;
10803;52;эту;Ё“ќ“;A - acc sg plen f -;;;у;т;э;;;;A;Ё“ќ“;A - acc sg plen f -;
10804;53;деревню;ƒ≈–≈¬Ќя;S f inan acc sg;;;ю;н;в;е;р;е;S;ƒ≈–≈¬Ќя;S f inan acc sg;
10805;54;/;/;PUNC;;;;;;;;;PUNC;/;PUNC;
10806;55;как раз;как раз;PART;;;з;а;р; ;к;а;-;как раз;-;
10807;56;донские;ƒќЌ— ќ…;A - nom pl plen m;;;е;и;к;с;н;о;A;ƒќЌ— ќ…;A - nom pl plen - -;
10808;57;казаки; ј«ј ;S m anim nom pl;;;и;к;а;з;а;к;S; ј«ј ;S m anim nom pl;
10809;58;/;/;PUNC;;;;;;;;;PUNC;/;PUNC;
10810;59;или;»Ћ»;CONJ;;;и;л;и;;;;CONJ;»Ћ»;CONJ;
10811;60;вру;¬–ј“№;V ipf praes sg indic - 1p;;;у;р;в;;;;V;¬–ј“№;V ipf praes sg indic - 1p;
10812;61;не;Ќ≈;PART;;;е;н;;;;;PART;Ќ≈;PART;
10813;62;/;/;PUNC;;;;;;;;;PUNC;/;PUNC;
10814;63;не;Ќ≈;PART;;;е;н;;;;;PART;Ќ≈;PART;
10815;64;донские;ƒќЌ— ќ…;A - nom pl plen m;;;е;и;к;с;н;о;A;ƒќЌ— ќ…;A - nom pl plen - -;
10816;65;/;/;PUNC;;;;;;;;;PUNC;/;PUNC;
10817;66;/;/;PUNC;;;;;;;;;PUNC;/;PUNC;
10818;67;≈Є;ќЌј;SPRO sg 3p f acc;;;Є;е;;;;;SPRO;ќЌј;SPRO sg 3p f acc;
10819;68;основали;ќ—Ќќ¬ј“№;V pf praet pl indic - -;;;и;л;а;в;о;н;V;ќ—Ќќ¬ј“№;V pf praet pl indic - -;
10820;69;драгуны;ƒ–ј√”Ќ;S m anim nom pl;;;ы;н;у;г;а;р;S;ƒ–ј√”Ќ;S m anim nom pl;
10821;70;которые; ќ“ќ–џ…;A - nom pl plen m;;;е;ы;р;о;т;о;A; ќ“ќ–џ…;A - nom pl plen - -;
10822;71;там;“јћ;ADV -;;;м;а;т;;;;ADV;“јћ;ADV -;
10823;72;были;Ѕџ“№;V ipf praet pl indic - -;;;и;л;ы;б;;;V;Ѕџ“№;V ipf praet pl indic - -;
10824;73;/;/;PUNC;;;;;;;;;PUNC;/;PUNC;
10825;74;а...;ј...;PART;;;;;;а;;;CONJ;ј...;CONJ;
10826;75;/;/;PUNC;;;;;;;;;PUNC;/;PUNC;
10827;76;в;¬;PR;;;в;;;;;;PR;¬;PR;
10828;77;начале;Ќј„јЋќ;S n inan loc sg;;;е;л;а;ч;а;н;S;Ќј„јЋќ;S n inan loc sg;
10829;78;18;18;NUM - - -;;;;;;;;;NUM;18;NUM - - -;
10830;79;века;¬≈ ;S m inan gen sg;;;а;к;е;в;;;S;¬≈ ;S m inan gen sg;
10831;80;/;/;PUNC;;;;;;;;;PUNC;/;PUNC;
10832;81;/;/;PUNC;;;;;;;;;PUNC;/;PUNC;
10833;82;а;ј;PART;;;а;;;;;;CONJ;ј;CONJ;
10834;83;...;...;SENT;;;;;;;;;SENT;...;SENT;
10835;;;;;;;;;;;;;;;;
10836;1;/;/;PUNC;;;;;;;;;PUNC;/;PUNC;
10837;2;/;/;PUNC;;;;;;;;;PUNC;/;PUNC;
10838;3;Ѕлижайший;ЅЋ»∆ј…Ў»…;A supr nom sg plen m -;;;й;и;ш;й;а;ж;A;ЅЋ»∆ј…Ў»…;A supr nom sg plen m -;
10839;4;к; ;PR;;;к;;;;;;PR; ;PR;
10840;5;ней;ќЌј;SPRO sg 3p f loc;;;й;е;н;;;;SPRO;ќЌј;SPRO sg 3p f loc;
10841;6;райцентр;–ј…÷≈Ќ“–;S m inan nom sg;;;р;т;н;е;ц;й;S;–ј…÷≈Ќ“–;S m inan acc sg;
10842;7;/;/;PUNC;;;;;;;;;PUNC;/;PUNC;
10843;8;это;Ё“ќ;S n - nom sg;;;о;т;э;;;;S;Ё“ќ;S n - nom sg;
10844;9;город;√ќ–ќƒ;S m inan nom sg;;;д;о;р;о;г;;S;√ќ–ќƒ;S m inan nom sg;
10845;10;ƒанков;ƒјЌ ќ¬;S m inan nom sg;;;в;о;к;н;а;д;S;ƒјЌ ќ¬;S m anim nom sg;
10846;11;/;/;PUNC;;;;;;;;;PUNC;/;PUNC;
10847;12;не;Ќ≈;PART;;;е;н;;;;;PART;Ќ≈;PART;
10848;13;очень;ќ„≈Ќ№;ADV -;;;ь;н;е;ч;о;;ADV;ќ„≈Ќ№;ADV -;
10849;14;большой;ЅќЋ№Ўќ…;A - nom sg plen m -;;;й;о;ш;ь;л;о;A;ЅќЋ№Ўќ…;A - gen sg plen f -;
10850;15;тыс€ч;“џ—я„ј;S f inan gen sg;;;ч;€;с;ы;т;;S;“џ—я„ј;S f inan gen sg;
10851;16;на;Ќј;PR;;;а;н;;;;;PR;Ќј;PR;
10852;17;тридцать;“–»ƒ÷ј“№;NUM acc - -;;;ь;т;а;ц;д;и;NUM;“–»ƒ÷ј“№;NUM acc - -;
10853;18;-;-;PUNC;;;;;;;;;PUNC;-;PUNC;
10854;19;сорок;—ќ–ќ ;NUM acc - -;;;к;о;р;о;с;;NUM;—ќ–ќ ;NUM acc - -;
10855;20;человек;„≈Ћќ¬≈ ;S m anim gen pl;;;к;е;в;о;л;е;S;„≈Ћќ¬≈ ;S m anim gen pl;
10856;21;/;/;PUNC;;;;;;;;;PUNC;/;PUNC;
10857;22;/;/;PUNC;;;;;;;;;PUNC;/;PUNC;
10858;23;Ё;Ё;INTJ;;;э;;;;;;INTJ;Ё;INTJ;
10859;24;вот;¬ќ“;PART;;;т;о;в;;;;PART;¬ќ“;PART;
10860;25;/;/;PUNC;;;;;;;;;PUNC;/;PUNC;
10861;26;почти;ѕќ„“»;ADV -;;;и;т;ч;о;п;;ADV;ѕќ„“»;ADV -;
10862;27;всЄ;¬≈—№;A - acc plen n inan;;;е;с;в;;;;A;¬≈—№;A - acc pl plen - inan;
10863;28;детство;ƒ≈“—“¬ќ;S n inan acc sg;;;о;в;т;с;т;е;S;ƒ≈“—“¬ќ;S n inan nom sg;
10864;29;€;я;SPRO sg 1p - nom;;;€;;;;;;SPRO;я;SPRO sg 1p - nom;
10865;30;в;¬;PR;;;в;;;;;;PR;¬;PR;
10866;31;это;Ё“ќ“;A - acc sg plen n inan;;;о;т;э;;;;A;Ё“ќ“;A - acc sg plen n inan;
10867;32;место;ћ≈—“ќ;S n inan acc sg;;;о;т;с;е;м;;S;ћ≈—“ќ;S n inan acc sg;
10868;33;&;&;PUNC;;;;;;;;;PUNC;&;PUNC;
10869;34;lt;LT;NONLEX;;;;;;;;;NONLEX;LT;NONLEX;
10870;35;";";";";PUNC;;;;;;;;;PUNC;";";PUNC;
10871;36;distinct;DISTINCT;NONLEX;;;;;;;;;NONLEX;DISTINCT;NONLEX;
10872;37;form;FORM;NONLEX;;;;;;;;;NONLEX;FORM;NONLEX;
10873;38;=;=;PUNC;;;;;;;;;PUNC;=;PUNC;
10874;39;&;&;PUNC;;;;;;;;;PUNC;&;PUNC;
10875;40;#;#;PUNC;;;;;;;;;PUNC;#;PUNC;
10876;41;39;39;NONLEX;;;;;;;;;NUM;39;NUM - - -;
10877;42;";";";";PUNC;;;;;;;;;PUNC;";";PUNC;
10878;43;собсна;—ќЅ—“¬≈ЌЌќ;PARENTH distort;;;а;н;с;б;о;с;ADV;—ќЅ—Ќј;ADV -;
10879;44;&;&;PUNC;;;;;;;;;PUNC;&;PUNC;
10880;45;#;#;PUNC;;;;;;;;;PUNC;#;PUNC;
10881;46;39;39;NONLEX;;;;;;;;;NUM;39;NUM - - -;
10882;47;";";";";SENT;;;;;;;;;SENT;";";SENT;
10883;;;;;;;;;;;;;;;;
10884;1;&;&;PUNC;;;;;;;;;PUNC;&;PUNC;
10885;2;gt;GT;NONLEX;;;;;;;;;NONLEX;GT;NONLEX;
10886;3;";";";";PUNC;;;;;;;;;PUNC;";";PUNC;
10887;4;собственно;—ќЅ—“¬≈ЌЌќ;PARENTH;;;о;н;н;е;в;т;ADV;—ќЅ—“¬≈ЌЌќ;ADV -;
10888;5;&;&;PUNC;;;;;;;;;PUNC;&;PUNC;
10889;6;lt;LT;NONLEX;;;;;;;;;NONLEX;LT;NONLEX;
10890;7;";";";";SENT;;;;;;;;;SENT;";";SENT;
10891;;;;;;;;;;;;;;;;
10892;1;/;/;PUNC;;;;;;;;;PUNC;/;PUNC;
10893;2;distinct;DISTINCT;NONLEX;;;;;;;;;NONLEX;DISTINCT;NONLEX;
10894;3;&;&;PUNC;;;;;;;;;PUNC;&;PUNC;
10895;4;gt;GT;NONLEX;;;;;;;;;NONLEX;GT;NONLEX;
10896;5;";";";";PUNC;;;;;;;;;PUNC;";";PUNC;
10897;6;каталс€; ј“ј“№—я;V ipf praet sg indic med m -;;;€;с;л;а;т;а;V; ј“ј“№—я;V ipf praet sg indic m -;
10898;7;/;/;PUNC;;;;;;;;;PUNC;/;PUNC;
10899;8;/;/;PUNC;;;;;;;;;PUNC;/;PUNC;
10900;9;.;.;SENT;;;;;;;;;SENT;.;SENT;
10901;;;;;;;;;;;;;;;;
10902;1; ирилл; »–»ЋЋ;S m anim pers nom sg;;;л;л;и;р;и;к;S; »–»ЋЋ;S m anim nom sg;
10903;2;@;@;PUNC;;;;;;;;;PUNC;@;PUNC;
10904;3;Ќепередаваемое;Ќ≈ѕ≈–≈ƒј¬ј≈ћџ…;A - nom sg plen n -;;;е;о;м;е;а;в;A;Ќ≈ѕ≈–≈ƒј¬ј≈ћџ…;A - nom sg plen n -;
10905;4;ощущение;ќў”ў≈Ќ»≈;S n inan nom sg;;;е;и;н;е;щ;у;S;ќў”ў≈Ќ»≈;S n inan nom sg;
10906;5;/;/;PUNC;;;;;;;;;PUNC;/;PUNC;
10907;6;которое; ќ“ќ–џ…;A - nom sg plen n -;;;е;о;р;о;т;о;A; ќ“ќ–џ…;A - nom sg plen n -;
10908;7;действительно;ƒ≈…—“¬»“≈Ћ№Ќќ;ADV -;;;о;н;ь;л;е;т;ADV;ƒ≈…—“¬»“≈Ћ№Ќќ;ADV -;
10909;8;/;/;PUNC;;;;;;;;;PUNC;/;PUNC;
10910;9;сложно;—Ћќ∆Ќќ;ADV -;;;о;н;ж;о;л;с;ADV;—Ћќ∆Ќќ;ADV -;
10911;10;просто;ѕ–ќ—“ќ;PART;;;о;т;с;о;р;п;PART;ѕ–ќ—“ќ;PART;
10912;11;так;“ј ;ADV -;;;к;а;т;;;;ADV;“ј ;ADV -;
10913;12;выразить;¬џ–ј«»“№;V pf - - inf - -;;;ь;т;и;з;а;р;V;¬џ–ј«»“№;V pf - - inf - -;
10914;13;словами;—Ћќ¬ќ;S n inan ins pl;;;и;м;а;в;о;л;S;—Ћќ¬ќ;S n inan ins pl;
10915;14;это;Ё“ќ;S n - nom sg;;;о;т;э;;;;S;Ё“ќ;S n - nom sg;
10916;15;то;“ќ;S n - acc sg;;;о;т;;;;;S;“ќ;S n - acc sg;
10917;16;/;/;PUNC;;;;;;;;;PUNC;/;PUNC;
10918;17;&;&;PUNC;;;;;;;;;PUNC;&;PUNC;
10919;18;lt;LT;NONLEX;;;;;;;;;NONLEX;LT;NONLEX;
10920;19;";";";";PUNC;;;;;;;;;PUNC;";";PUNC;
10921;20;distinct;DISTINCT;NONLEX;;;;;;;;;NONLEX;DISTINCT;NONLEX;
10922;21;form;FORM;NONLEX;;;;;;;;;NONLEX;FORM;NONLEX;
10923;22;=;=;PUNC;;;;;;;;;PUNC;=;PUNC;
10924;23;&;&;PUNC;;;;;;;;;PUNC;&;PUNC;
10925;24;#;#;PUNC;;;;;;;;;PUNC;#;PUNC;
10926;25;39;39;NONLEX;;;;;;;;;NUM;39;NUM - - -;
10927;26;";";";";PUNC;;;;;;;;;PUNC;";";PUNC;
10928;27;када; ќ√ƒј;CONJ distort;;;а;д;а;к;;;S; јƒ;S m inan gen sg;
10929;28;&;&;PUNC;;;;;;;;;PUNC;&;PUNC;
10930;29;#;#;PUNC;;;;;;;;;PUNC;#;PUNC;
10931;30;39;39;NONLEX;;;;;;;;;NUM;39;NUM - - -;
10932;31;";";";";SENT;;;;;;;;;SENT;";";SENT;
10933;;;;;;;;;;;;;;;;
10934;1;&;&;PUNC;;;;;;;;;PUNC;&;PUNC;
10935;2;gt;GT;NONLEX;;;;;;;;;NONLEX;GT;NONLEX;
10936;3;";";";";PUNC;;;;;;;;;PUNC;";";PUNC;
10937;4;когда; ќ√ƒј;CONJ;;;а;д;г;о;к;;CONJ; ќ√ƒј;CONJ;
10938;5;&;&;PUNC;;;;;;;;;PUNC;&;PUNC;
10939;6;lt;LT;NONLEX;;;;;;;;;NONLEX;LT;NONLEX;
10940;7;";";";";SENT;;;;;;;;;SENT;";";SENT;
10941;;;;;;;;;;;;;;;;
10942;1;/;/;PUNC;;;;;;;;;PUNC;/;PUNC;
10943;2;distinct;DISTINCT;NONLEX;;;;;;;;;NONLEX;DISTINCT;NONLEX;
10944;3;&;&;PUNC;;;;;;;;;PUNC;&;PUNC;
10945;4;gt;GT;NONLEX;;;;;;;;;NONLEX;GT;NONLEX;
10946;5;";";";";PUNC;;;;;;;;;PUNC;";";PUNC;
10947;6;ты;“џ;SPRO sg 2p - nom;;;ы;т;;;;;SPRO;“џ;SPRO sg 2p - nom;
10948;7;/;/;PUNC;;;;;;;;;PUNC;/;PUNC;
10949;8;едешь;≈’ј“№;V ipf praes sg indic - 2p;;;ь;ш;е;д;е;;V;≈’ј“№;V ipf praes sg indic - 2p;
10950;9;на;Ќј;PR;;;а;н;;;;;PR;Ќј;PR;
10951;10;машине;ћјЎ»Ќј;S f inan loc sg;;;е;н;и;ш;а;м;S;ћјЎ»Ќј;S f inan loc sg;
10952;11;четыреста;„≈“џ–≈—“ј;NUM acc - -;;;а;т;с;е;р;ы;NUM;„≈“џ–≈—“ј;NUM acc - -;
10953;12;километров; »Ћќћ≈“–;S m inan adnum pl;;;в;о;р;т;е;м;S; »Ћќћ≈“–;S m inan gen pl;
10954;13;от;ќ“;PR;;;т;о;;;;;PR;ќ“;PR;
10955;14;ћосквы;ћќ— ¬ј;S f inan gen sg;;;ы;в;к;с;о;м;S;ћќ— ¬ј;S f inan gen sg;
10956;15;/;/;PUNC;;;;;;;;;PUNC;/;PUNC;
10957;16;или;»Ћ»;CONJ;;;и;л;и;;;;CONJ;»Ћ»;CONJ;
10958;17;там;“јћ;PART;;;м;а;т;;;;ADV;“јћ;ADV -;
10959;18;450;450;NUM acc ciph;;;;;;;;;NUM;450;NUM - - -;
10960;19;€;я;SPRO sg 1p - nom;;;€;;;;;;SPRO;я;SPRO sg 1p - nom;
10961;20;уже;”∆≈;ADV -;;;е;ж;у;;;;ADV;”∆≈;ADV -;
10962;21;не;Ќ≈;PART;;;е;н;;;;;PART;Ќ≈;PART;
10963;22;помню;ѕќћЌ»“№;V ipf praes sg indic - 1p;;;ю;н;м;о;п;;V;ѕќћЌ»“№;V ipf praes sg indic - 1p;
10964;23;/;/;PUNC;;;;;;;;;PUNC;/;PUNC;
10965;24;и;»;CONJ;;;и;;;;;;CONJ;»;CONJ;
10966;25;вот;¬ќ“;PART;;;т;о;в;;;;PART;¬ќ“;PART;
10967;26;ты;“џ;SPRO sg 2p - nom;;;ы;т;;;;;SPRO;“џ;SPRO sg 2p - nom;
10968;27;уже;”∆≈;ADV -;;;е;ж;у;;;;ADV;”∆≈;ADV -;
10969;28;такой;“ј ќ…;A - nom sg plen m -;;;й;о;к;а;т;;A;“ј ќ…;A - nom sg plen m -;
10970;29;устал;”—“ј“№;V ipf praet sg indic m -;;;л;а;т;с;у;;A;”—“јЋџ…;A - - sg brev m -;
10971;30;потому что;потому что;CONJ;;;о;т;ч; ;у;м;ZERO;потому что;ZERO;
10972;31;/;/;PUNC;;;;;;;;;PUNC;/;PUNC;
10973;32;ну;Ќ”;PART;;;у;н;;;;;PART;Ќ”;PART;
10974;33;долго;ƒќЋ√ќ;ADV -;;;о;г;л;о;д;;ADV;ƒќЋ√ќ;ADV -;
10975;34;в;¬;PR;;;в;;;;;;PR;¬;PR;
10976;35;машине;ћјЎ»Ќј;S f inan loc sg;;;е;н;и;ш;а;м;S;ћјЎ»Ќј;S f inan loc sg;
10977;36;посто€нно;ѕќ—“ќяЌЌќ;ADV -;;;о;н;н;€;о;т;ADV;ѕќ—“ќяЌЌќ;ADV -;
10978;37;сидишь;—»ƒ≈“№;V ipf praes sg indic - 2p;;;ь;ш;и;д;и;с;V;—»ƒ≈“№;V ipf praes sg indic - 2p;
10979;38;а;ј;CONJ;;;а;;;;;;CONJ;ј;CONJ;
10980;39;ты;“џ;SPRO sg 2p - nom;;;ы;т;;;;;SPRO;“џ;SPRO sg 2p - nom;
10981;40;ещЄ;≈ў≈;ADV -;;;Є;щ;е;;;;ADV;≈ў≈;ADV -;
10982;41;ребЄнок;–≈Ѕ≈Ќќ ;S m anim nom sg;;;к;о;н;Є;б;е;S;–≈Ѕ≈Ќќ ;S m anim nom sg;
10983;42;&;&;PUNC;;;;;;;;;PUNC;&;PUNC;
10984;43;lt;LT;NONLEX;;;;;;;;;NONLEX;LT;NONLEX;
10985;44;";";";";PUNC;;;;;;;;;PUNC;";";PUNC;
10986;45;distinct;DISTINCT;NONLEX;;;;;;;;;NONLEX;DISTINCT;NONLEX;
10987;46;form;FORM;NONLEX;;;;;;;;;NONLEX;FORM;NONLEX;
10988;47;=;=;PUNC;;;;;;;;;PUNC;=;PUNC;
10989;48;&;&;PUNC;;;;;;;;;PUNC;&;PUNC;
10990;49;#;#;PUNC;;;;;;;;;PUNC;#;PUNC;
10991;50;39;39;NONLEX;;;;;;;;;NUM;39;NUM - - -;
10992;51;";";";";PUNC;;;;;;;;;PUNC;";";PUNC;
10993;52;те;“џ;SPRO sg 2p - gen distort;;;е;т;;;;;A;“ќ“;A - nom pl plen - -;
10994;53;&;&;PUNC;;;;;;;;;PUNC;&;PUNC;
10995;54;#;#;PUNC;;;;;;;;;PUNC;#;PUNC;
10996;55;39;39;NONLEX;;;;;;;;;NUM;39;NUM - - -;
10997;56;";";";";SENT;;;;;;;;;SENT;";";SENT;
10998;;;;;;;;;;;;;;;;
10999;1;&;&;PUNC;;;;;;;;;PUNC;&;PUNC;
11000;2;gt;GT;NONLEX;;;;;;;;;NONLEX;GT;NONLEX;
11001;3;";";";";PUNC;;;;;;;;;PUNC;";";PUNC;
11002;4;тебе;“џ;SPRO sg 2p - gen;;;е;б;е;т;;;SPRO;“џ;SPRO sg 2p - loc;
11003;5;&;&;PUNC;;;;;;;;;PUNC;&;PUNC;
11004;6;lt;LT;NONLEX;;;;;;;;;NONLEX;LT;NONLEX;
11005;7;";";";";SENT;;;;;;;;;SENT;";";SENT;
11006;;;;;;;;;;;;;;;;
11007;1;/;/;PUNC;;;;;;;;;PUNC;/;PUNC;
11008;2;distinct;DISTINCT;NONLEX;;;;;;;;;NONLEX;DISTINCT;NONLEX;
11009;3;&;&;PUNC;;;;;;;;;PUNC;&;PUNC;
11010;4;gt;GT;NONLEX;;;;;;;;;NONLEX;GT;NONLEX;
11011;5;";";";";PUNC;;;;;;;;;PUNC;";";PUNC;
11012;6;хочетс€;’ќ“≈“№—я;V ipf praes - indic med- -;;;€;с;т;е;ч;о;V;’ќ“≈“№—я;V ipf praes - indic - -;
11013;7;прыгать;ѕ–џ√ј“№;V ipf - - inf - -;;;ь;т;а;г;ы;р;V;ѕ–џ√ј“№;V ipf - - inf - -;
11014;8;бегать;Ѕ≈√ј“№;V ipf - - inf - -;;;ь;т;а;г;е;б;V;Ѕ≈√ј“№;V ipf - - inf - -;
11015;9;там;“јћ;PART;;;м;а;т;;;;ADV;“јћ;ADV -;
11016;10;/;/;PUNC;;;;;;;;;PUNC;/;PUNC;
11017;11;сходить;—’ќƒ»“№;V ipf - - inf - -;;;ь;т;и;д;о;х;V;—’ќƒ»“№;V ipf - - inf - -;
11018;12;на;Ќј;PR;;;а;н;;;;;PR;Ќј;PR;
11019;13;компы; ќћѕ;S m inan acc pl;;;ы;п;м;о;к;;S; ќћѕ;S m inan acc pl;
11020;14;пострел€ть;ѕќ—“–≈Ћя“№;V pf - - inf - -;;;ь;т;€;л;е;р;V;ѕќ—“–≈Ћя“№;V pf - - inf - -;
11021;15;/;/;PUNC;;;;;;;;;PUNC;/;PUNC;
11022;16;там;“јћ;PART;;;м;а;т;;;;ADV;“јћ;ADV -;
11023;17;с;—;PR;;;с;;;;;;PR;—;PR;
11024;18;собакой;—ќЅј ј;S f anim ins sg;;;й;о;к;а;б;о;S;—ќЅј ј;S f anim ins sg;
11025;19;погул€ть;ѕќ√”Ћя“№;V pf - - inf - -;;;ь;т;€;л;у;г;V;ѕќ√”Ћя“№;V pf - - inf - -;
11026;20;ну;Ќ”;PART;;;у;н;;;;;PART;Ќ”;PART;
11027;21;что-нибудь;„“ќ-Ќ»Ѕ”ƒ№;S n - nom sg;;;ь;д;у;б;и;н;S;„“ќ-Ќ»Ѕ”ƒ№;S n - nom sg;
11028;22;такое;“ј ќ…;A - nom sg plen n -;;;е;о;к;а;т;;A;“ј ќ…;A - nom sg plen n -;
11029;23;/;/;PUNC;;;;;;;;;PUNC;/;PUNC;
11030;24;/;/;PUNC;;;;;;;;;PUNC;/;PUNC;
11031;25;¬от;¬ќ“;PART;;;т;о;в;;;;PART;¬ќ“;PART;
11032;26;и;»;CONJ;;;и;;;;;;CONJ;»;CONJ;
11033;27;ты;“џ;SPRO sg 2p - nom;;;ы;т;;;;;SPRO;“џ;SPRO sg 2p - nom;
11034;28;едешь;≈’ј“№;V ipf praes sg indic - 2p;;;ь;ш;е;д;е;;V;≈’ј“№;V ipf praes sg indic - 2p;
11035;29;/;/;PUNC;;;;;;;;;PUNC;/;PUNC;
11036;30;и;»;CONJ;;;и;;;;;;CONJ;»;CONJ;
11037;31;тут;“”“;PART;;;т;у;т;;;;ADV;“”“;ADV -;
11038;32;видишь;¬»ƒ≈“№;V ipf praes sg indic - 2p;;;ь;ш;и;д;и;в;V;¬»ƒ≈“№;V ipf praes sg indic - 2p;
11039;33;на;Ќј;PR;;;а;н;;;;;PR;Ќј;PR;
11040;34;дороге;ƒќ–ќ√ј;S f inan loc sg;;;е;г;о;р;о;д;S;ƒќ–ќ√ј;S f inan dat sg;
11041;35;наконец;Ќј ќЌ≈÷;ADV слитно;;;ц;е;н;о;к;а;ADV;Ќј ќЌ≈÷;ADV -;
11042;36;-;-;PUNC;;;;;;;;;PUNC;-;PUNC;
11043;37;то;“ќ;ADV;;;о;т;;;;;CONJ;“ќ;CONJ;
11044;38;эту;Ё“ќ“;A - acc sg plen f -;;;у;т;э;;;;A;Ё“ќ“;A - acc sg plen f -;
11045;39;табличку;“јЅЋ»„ ј;S f inan acc sg;;;у;к;ч;и;л;б;S;“јЅЋ»„ ј;S f inan acc sg;
11046;40;Ђ;Ђ;PUNC;;;;;;;;;PUNC;Ђ;PUNC;
11047;41;Ѕигильдино;Ѕ»√»Ћ№ƒ»Ќќ;S n inan nonflex nonflex;;;о;н;и;д;ь;л;S;Ѕ»√»Ћ№ƒ»Ќќ;S f inan nonflex nonflex;
11048;42;ї;ї;PUNC;;;;;;;;;PUNC;ї;PUNC;
11049;43;/;/;PUNC;;;;;;;;;PUNC;/;PUNC;
11050;44;и;»;CONJ;;;и;;;;;;CONJ;»;CONJ;
11051;45;ты;“џ;SPRO sg 2p - nom;;;ы;т;;;;;SPRO;“џ;SPRO sg 2p - nom;
11052;46;вот;¬ќ“;PART слитно;;;т;о;в;;;;PART;¬ќ“;PART;
11053;47;так;“ј ;PART- слитно;;;к;а;т;;;;ADV;“ј ;ADV -;
11054;48;вот;¬ќ“;PART слитно;;;т;о;в;;;;PART;¬ќ“;PART;
11055;49;проезжаешь;ѕ–ќ≈«∆ј“№;V ipf praes sg indic - 2p;;;ь;ш;е;а;ж;з;V;ѕ–ќ≈«∆ј“№;V ipf praes sg indic - 2p;
11056;50;по;ѕќ;PR;;;о;п;;;;;PR;ѕќ;PR;
11057;51;ней;ќЌј;SPRO sg 3p f loc;;;й;е;н;;;;SPRO;ќЌј;SPRO sg 3p f loc;
11058;52;и;»;CONJ;;;и;;;;;;CONJ;»;CONJ;
11059;53;видишь;¬»ƒ≈“№;V ipf praes sg indic - 2p;;;ь;ш;и;д;и;в;V;¬»ƒ≈“№;V ipf praes sg indic - 2p;
11060;54;знакомых;«Ќј ќћџ…;A - acc pl plen - -;;;х;ы;м;о;к;а;A;«Ќј ќћџ…;A - gen pl plen - -;
11061;55;людей;„≈Ћќ¬≈ ;S m anim acc pl;;;й;е;д;ю;л;;S;„≈Ћќ¬≈ ;S m anim gen pl;
11062;56;/;/;PUNC;;;;;;;;;PUNC;/;PUNC;
11063;57;знакомые;«Ќј ќћџ…;S m anim acc pl;;;е;ы;м;о;к;а;S;«Ќј ќћџ…;S m anim nom pl;
11064;58;какие-то; ј ќ…-“ќ;A - acc pl plen - -;;;о;т;;е;и;к;A; ј ќ…-“ќ;A - nom pl plen - -;
11065;59;ландшафты;ЋјЌƒЎј‘“;S m inan acc pl;;;ы;т;ф;а;ш;д;S;ЋјЌƒЎј‘“;S m inan nom pl;
11066;60;/;/;PUNC;;;;;;;;;PUNC;/;PUNC;
11067;61;/;/;PUNC;;;;;;;;;PUNC;/;PUNC;
11068;62;»;»;CONJ;;;и;;;;;;CONJ;»;CONJ;
11069;63;вот;¬ќ“;PART;;;т;о;в;;;;PART;¬ќ“;PART;
11070;64;ты;“џ;SPRO sg 2p - nom;;;ы;т;;;;;SPRO;“џ;SPRO sg 2p - nom;
11071;65;проезжаешь;ѕ–ќ≈«∆ј“№;V ipf praes sg indic - 2p;;;ь;ш;е;а;ж;з;V;ѕ–ќ≈«∆ј“№;V ipf praes sg indic - 2p;
11072;66;и;»;CONJ;;;и;;;;;;CONJ;»;CONJ;
11073;67;тебе;“џ;SPRO sg 2p - dat;;;е;б;е;т;;;SPRO;“џ;SPRO sg 2p - loc;
11074;68;так;“ј ;ADV -;;;к;а;т;;;;ADV;“ј ;ADV -;
11075;69;все;¬—≈;S - - nom pl;;;е;с;в;;;;S;¬—≈;S - - nom pl;
11076;70;машут;ћј’ј“№;V ipf praes pl indic - 3p;;;т;у;ш;а;м;;V;ћј’ј“№;V ipf praes pl indic - 3p;
11077;71;/;/;PUNC;;;;;;;;;PUNC;/;PUNC;
11078;72;/;/;PUNC;;;;;;;;;PUNC;/;PUNC;
11079;73;»;»;CONJ;;;и;;;;;;CONJ;»;CONJ;
11080;74;вот;¬ќ“;PART;;;т;о;в;;;;PART;¬ќ“;PART;
11081;75;ты;“џ;SPRO sg 2p - nom;;;ы;т;;;;;SPRO;“џ;SPRO sg 2p - nom;
11082;76;заезжаешь;«ј≈«∆ј“№;V ipf praes sg indic - 2p;;;ь;ш;е;а;ж;з;V;«ј≈«∆ј“№;V ipf praes sg indic - 2p;
11083;77;во;¬ќ;PR;;;о;в;;;;;PR;¬ќ;PR;
11084;78;двор;ƒ¬ќ–;S m inan acc sg;;;р;о;в;д;;;S;ƒ¬ќ–;S m inan acc sg;
11085;79;с;—;PR;;;с;;;;;;PR;—;PR;
11086;80;быстро;Ѕџ—“–ќ;ADV -;;;о;р;т;с;ы;б;ADV;Ѕџ—“–ќ;ADV -;
11087;81;/;/;PUNC;;;;;;;;;PUNC;/;PUNC;
11088;82;мельком;ћ≈Ћ№ ќћ;ADV -;;;м;о;к;ь;л;е;ADV;ћ≈Ћ№ ќћ;ADV -;
11089;83;здороваешьс€;«ƒќ–ќ¬ј“№—я;V ipf praes sg indic med - 2p;;;€;с;ь;ш;е;а;V;«ƒќ–ќ¬ј“№—я;V ipf praes sg indic - 2p;
11090;84;с;—;PR;;;с;;;;;;PR;—;PR;
11091;85;бабушкой;ЅјЅ”Ў ј;S f anim ins sg;;;й;о;к;ш;у;б;S;ЅјЅ”Ў ј;S f anim ins sg;
11092;86;-;-;PUNC;;;;;;;;;PUNC;-;PUNC;
11093;87;дедушкой;ƒ≈ƒ”Ў ј;S m anim ins sg;;;й;о;к;ш;у;д;S;ƒ≈ƒ”Ў ј;S m anim ins sg;
11094;88;и;»;CONJ;;;и;;;;;;CONJ;»;CONJ;
11095;89;бежишь;Ѕ≈∆ј“№;V ipf praes sg indic - 2p;;;ь;ш;и;ж;е;б;V;Ѕ≈∆ј“№;V ipf praes sg indic - 2p;
11096;90;к; ;PR;;;к;;;;;;PR; ;PR;
11097;91;своим;—¬ќ…;A - dat pl plen m -;;;м;и;о;в;с;;A;—¬ќ…;A - ins sg plen m -;
11098;92;пацанам;ѕј÷јЌ;S m anim dat pl;;;м;а;н;а;ц;а;S;ѕј÷јЌ;S m anim dat pl;
11099;93;/;/;PUNC;;;;;;;;;PUNC;/;PUNC;
11100;94;/;/;PUNC;;;;;;;;;PUNC;/;PUNC;
11101;95;Ќу;Ќ”;PART;;;у;н;;;;;PART;Ќ”;PART;
11102;96;что;„“ќ;CONJ;;;о;т;ч;;;;CONJ;„“ќ;CONJ;
11103;97;мы;ћџ;SPRO pl 1p - nom;;;ы;м;;;;;SPRO;ћџ;SPRO pl 1p - nom;
11104;98;там;“јћ;ADV -;;;м;а;т;;;;ADV;“јћ;ADV -;
11105;99;обычно;ќЅџ„Ќќ;ADV -;;;о;н;ч;ы;б;о;ADV;ќЅџ„Ќќ;ADV -;
11106;100;делали;ƒ≈Ћј“№;V ipf praet pl indic - -;;;и;л;а;л;е;д;V;ƒ≈Ћј“№;V ipf praet pl indic - -;
11107;101;?;?;SENT;;;;;;;;;SENT;?;SENT;
11108;;;;;;;;;;;;;;;;
11109;1;ћы;ћџ;SPRO pl 1p - nom;;;ы;м;;;;;SPRO;ћџ;SPRO pl 1p - nom;
11110;2;гул€ли;√”Ћя“№;V ipf praet pl indic - -;;;и;л;€;л;у;г;V;√”Ћя“№;V ipf praet pl indic - -;
11111;3;катались; ј“ј“№—я;V ipf praet pl indic med- -;;;ь;с;и;л;а;т;V; ј“ј“№—я;V ipf praet pl indic - -;
11112;4;на;Ќј;PR;;;а;н;;;;;PR;Ќј;PR;
11113;5;велосипедах;¬≈Ћќ—»ѕ≈ƒ;S m inan loc pl;;;х;а;д;е;п;и;S;¬≈Ћќ—»ѕ≈ƒ;S m inan loc pl;
11114;6;играли;»√–ј“№;V ipf praet pl indic - -;;;и;л;а;р;г;и;V;»√–ј“№;V ipf praet pl indic - -;
11115;7;в;¬;PR;;;в;;;;;;PR;¬;PR;
11116;8;такие;“ј ќ…;A - acc pl plen - inan;;;е;и;к;а;т;;A;“ј ќ…;A - acc pl plen - inan;
11117;9;/;/;PUNC;;;;;;;;;PUNC;/;PUNC;
11118;10;/;/;PUNC;;;;;;;;;PUNC;/;PUNC;
11119;11;такую;“ј ќ…;A - acc sg plen f -;;;ю;у;к;а;т;;A;“ј ќ…;A - acc sg plen f -;
11120;12;игру;»√–ј;S f inan acc sg;;;у;р;г;и;;;S;»√–ј;S f inan acc sg;
11121;13;как; ј ;CONJ;;;к;а;к;;;;CONJ; ј ;CONJ;
11122;14;Ђ;Ђ;PUNC;;;;;;;;;PUNC;Ђ;PUNC;
11123;15;менты;ћ≈Ќ“;S m anim nom pl;;;ы;т;н;е;м;;S;ћ≈Ќ“;S m anim nom pl;
11124;16;ї;ї;PUNC;;;;;;;;;PUNC;ї;PUNC;
11125;17;/;/;PUNC;;;;;;;;;PUNC;/;PUNC;
11126;18;/;/;PUNC;;;;;;;;;PUNC;/;PUNC;
11127;19;ѕрекрасна€;ѕ–≈ –ј—Ќџ…;A - nom sg plen f -;;;€;а;н;с;а;р;A;ѕ–≈ –ј—Ќџ…;A - nom sg plen f -;
11128;20;велосипедна€;¬≈Ћќ—»ѕ≈ƒЌџ…;A - nom sg plen f -;;;€;а;н;д;е;п;A;¬≈Ћќ—»ѕ≈ƒЌџ…;A - nom sg plen f -;
11129;21;игра;»√–ј;S f inan nom sg;;;а;р;г;и;;;S;»√–ј;S f inan nom sg;
11130;22;/;/;PUNC;;;;;;;;;PUNC;/;PUNC;
11131;23;люди;„≈Ћќ¬≈ ;S m anim nom pl;;;и;д;ю;л;;;S;„≈Ћќ¬≈ ;S m anim nom pl;
11132;24;дел€тс€;ƒ≈Ћ»“№—я;V ipf praes pl indic med - 3p;;;€;с;т;€;л;е;V;ƒ≈Ћ»“№—я;V ipf praes pl indic - 3p;
11133;25;на;Ќј;PR;;;а;н;;;;;PR;Ќј;PR;
11134;26;бандитов;ЅјЌƒ»“;S m anim acc pl;;;в;о;т;и;д;н;S;ЅјЌƒ»“;S m anim gen pl;
11135;27;и;»;CONJ;;;и;;;;;;CONJ;»;CONJ;
11136;28;собственно;—ќЅ—“¬≈ЌЌќ;ADV -;;;о;н;н;е;в;т;ADV;—ќЅ—“¬≈ЌЌќ;ADV -;
11137;29;ментов;ћ≈Ќ“;S m anim acc pl;;;в;о;т;н;е;м;S;ћ≈Ќ“;S m anim gen pl;
11138;30;/;/;PUNC;;;;;;;;;PUNC;/;PUNC;
11139;31;то есть;то есть;-;;;ь;т;с;е; ;о;-;то есть;-;
11140;32;полицейских;ѕќЋ»÷≈…— »…;S m anim acc pl;;;х;и;к;с;й;е;S;ѕќЋ»÷≈…— »…;S m anim gen pl;
11141;33;/;/;PUNC;;;;;;;;;PUNC;/;PUNC;
11142;34;и;»;CONJ;;;и;;;;;;CONJ;»;CONJ;
11143;35;/;/;PUNC;;;;;;;;;PUNC;/;PUNC;
11144;36;одни;ќƒ»Ќ;A - nom pl plen - -;;;и;н;д;о;;;A;ќƒ»Ќ;A - nom pl plen - -;
11145;37;должны;ƒќЋ∆Ќџ…;A - - pl brev - -;;;ы;н;ж;л;о;д;A;ƒќЋ∆Ќџ…;A - - pl brev - -;
11146;38;были;Ѕџ“№;V ipf praet pl indic - -;;;и;л;ы;б;;;V;Ѕџ“№;V ipf praet pl indic - -;
11147;39;ловить;Ћќ¬»“№;V ipf - - inf - -;;;ь;т;и;в;о;л;V;Ћќ¬»“№;V ipf - - inf - -;
11148;40;других;ƒ–”√ќ…;A - acc pl plen - anim;;;х;и;г;у;р;д;A;ƒ–”√ќ…;A - acc pl plen - anim;
11149;41;но;Ќќ;CONJ;;;о;н;;;;;CONJ;Ќќ;CONJ;
11150;42;так как;так как;CONJ;;;к;а;к; ;к;а;ZERO;так как;ZERO;
11151;43;правила;ѕ–ј¬»Ћќ;S n inan nom pl;;;а;л;и;в;а;р;S;ѕ–ј¬»Ћќ;S n inan nom pl;
11152;44;пои...;ѕќ»ћ ј;S f inan gen sg distort;;;;;;и;о;п;V;ѕќ»“№...;V ipf - sg imper - 2p;
11153;45;/;/;PUNC;;;;;;;;;PUNC;/;PUNC;
11154;46;правила;ѕ–ј¬»Ћќ;S n inan nom pl;;;а;л;и;в;а;р;S;ѕ–ј¬»Ћќ;S n inan nom pl;
11155;47;/;/;PUNC;;;;;;;;;PUNC;/;PUNC;
11156;48;задержани€;«јƒ≈–∆јЌ»≈;S n inan gen sg;;;€;и;н;а;ж;р;S;«јƒ≈–∆јЌ»≈;S n inan gen sg;
11157;49;не;Ќ≈;PART;;;е;н;;;;;PART;Ќ≈;PART;
11158;50;было;Ѕџ“№;V ipf praet sg indic n -;;;о;л;ы;б;;;V;Ѕџ“№;V ipf praet sg indic n -;
11159;51;строгого;—“–ќ√»…;A - gen sg plen m -;;;о;г;о;г;о;р;A;—“–ќ√»…;A - gen sg plen m -;
11160;52;,;,;PUNC;;;;;;;;;PUNC;,;PUNC;
11161;53;всЄ;¬—≈;S n - nom sg;;;Є;с;в;;;;S;¬—≈;S n - nom sg;
11162;54;сводилось;—¬ќƒ»“№—я;V ipf praet sg indic med n -;;;ь;с;о;л;и;д;V;—¬ќƒ»“№—я;V ipf praet sg indic n -;
11163;55;к; ;PR;;;к;;;;;;PR; ;PR;
11164;56;тому;“ќ;S n - dat sg;;;у;м;о;т;;;S;“ќ;S n - dat sg;
11165;57;/;/;PUNC;;;;;;;;;PUNC;/;PUNC;
11166;58;что;„“ќ;CONJ;;;о;т;ч;;;;CONJ;„“ќ;CONJ;
11167;59;нужно;Ќ”∆Ќќ;ADV -;;;о;н;ж;у;н;;ADV;Ќ”∆Ќќ;ADV -;
11168;60;опрокинуть;ќѕ–ќ »Ќ”“№;V pf - - inf - -;;;ь;т;у;н;и;к;V;ќѕ–ќ »Ќ”“№;V pf - - inf - -;
11169;61;человека;„≈Ћќ¬≈ ;S m anim acc sg;;;а;к;е;в;о;л;S;„≈Ћќ¬≈ ;S m anim acc sg;
11170;62;на;Ќј;PR;;;а;н;;;;;PR;Ќј;PR;
11171;63;велосипеде;¬≈Ћќ—»ѕ≈ƒ;S m inan loc sg;;;е;д;е;п;и;с;S;¬≈Ћќ—»ѕ≈ƒ;S m inan loc sg;
11172;64;/;/;PUNC;;;;;;;;;PUNC;/;PUNC;
11173;65;/;/;PUNC;;;;;;;;;PUNC;/;PUNC;
11174;66;Ёто;Ё“ќ;S n - nom sg;;;о;т;э;;;;S;Ё“ќ;S n - nom sg;
11175;67;было;Ѕџ“№;V ipf praet sg indic n -;;;о;л;ы;б;;;V;Ѕџ“№;V ipf praet sg indic n -;
11176;68;прекрасно;ѕ–≈ –ј—Ќџ…;A - - sg brev n -;;;о;н;с;а;р;к;A;ѕ–≈ –ј—Ќџ…;A - - sg brev n -;
11177;69;потому что;потому что;CONJ;;;о;т;ч; ;у;м;ZERO;потому что;ZERO;
11178;70;мы;ћџ;SPRO pl 1p - nom;;;ы;м;;;;;SPRO;ћџ;SPRO pl 1p - nom;
11179;71;играли;»√–ј“№;V ipf praet pl indic - -;;;и;л;а;р;г;и;V;»√–ј“№;V ipf praet pl indic - -;
11180;72;около;ќ ќЋќ;PR;;;о;л;о;к;о;;PR;ќ ќЋќ;PR;
11181;73;школы;Ў ќЋј;S f inan gen sg;;;ы;л;о;к;ш;;S;Ў ќЋј;S f inan gen sg;
11182;74;/;/;PUNC;;;;;;;;;PUNC;/;PUNC;
11183;75;и;»;CONJ;;;и;;;;;;CONJ;»;CONJ;
11184;76;вот;¬ќ“;PART;;;т;о;в;;;;PART;¬ќ“;PART;
11185;77;только;“ќЋ№ ќ;PART;;;о;к;ь;л;о;т;PART;“ќЋ№ ќ;PART;
11186;78;там;“јћ;ADV -;;;м;а;т;;;;ADV;“јћ;ADV -;
11187;79;и;»;CONJ;;;и;;;;;;CONJ;»;CONJ;
11188;80;на;Ќј;PR;;;а;н;;;;;PR;Ќј;PR;
11189;81;проезжей;ѕ–ќ≈«∆»…;A - loc sg plen f -;;;й;е;ж;з;е;о;A;ѕ–ќ≈«∆»…;A - dat sg plen f -;
11190;82;части;„ј—“№;S f inan loc sg;;;и;т;с;а;ч;;S;„ј—“№;S f inan dat sg;
11191;83;был;Ѕџ“№;V ipf praet sg indic m -;;;л;ы;б;;;;V;Ѕџ“№;V ipf praet sg indic m -;
11192;84;асфальт;ј—‘јЋ№“;S m inan nom sg;;;т;ь;л;а;ф;с;S;ј—‘јЋ№“;S m inan acc sg;
11193;85;/;/;PUNC;;;;;;;;;PUNC;/;PUNC;
11194;86;/;/;PUNC;;;;;;;;;PUNC;/;PUNC;
11195;87;“ам;“јћ;PART;;;м;а;т;;;;PART;“јћ;PART;
11196;88;был;Ѕџ“№;V ipf praet sg indic m -;;;л;ы;б;;;;V;Ѕџ“№;V ipf praet sg indic m -;
11197;89;такой...;“ј ќ…...;A - nom sg plen m -;;;;;;й;о;к;A;“ј ќ…...;A - loc sg plen f -;
11198;90;несколько;Ќ≈— ќЋ№ ќ;NUM - - -;;;о;к;ь;л;о;к;NUM;Ќ≈— ќЋ№ ќ;NUM - - -;
11199;91;аллей;јЋЋ≈я;S f inan gen pl;;;й;е;л;л;а;;S;јЋЋ≈я;S f inan gen pl;
11200;92;/;/;PUNC;;;;;;;;;PUNC;/;PUNC;
11201;93;по;ѕќ;PR;;;о;п;;;;;PR;ѕќ;PR;
11202;94;бокам;Ѕќ ;S m inan dat pl;;;м;а;к;о;б;;S;Ѕќ ;S m inan dat pl;
11203;95;которых; ќ“ќ–џ…;A - gen pl plen - -;;;х;ы;р;о;т;о;A; ќ“ќ–џ…;A - gen pl plen - -;
11204;96;были;Ѕџ“№;V ipf praet pl indic - -;;;и;л;ы;б;;;V;Ѕџ“№;V ipf praet pl indic - -;
11205;97;терновые;“≈–Ќќ¬џ…;A - nom pl plen - -;;;е;ы;в;о;н;р;A;“≈–Ќќ¬џ…;A - nom pl plen - -;
11206;98;кусты; ”—“;S m inan nom pl;;;ы;т;с;у;к;;S; ”—“;S m inan nom pl;
11207;99;/;/;PUNC;;;;;;;;;PUNC;/;PUNC;
11208;100;а;ј;CONJ;;;а;;;;;;S;ј;S - - nonflex nonflex;
11209;101;in;IN;PR слитно anom;;;;;;;;;NONLEX;IN;NONLEX;
11210;102;front;FRONT;PR слитно anom;;;;;;;;;NONLEX;FRONT;NONLEX;
11211;103;of;OF;PR слитно anom;;;;;;;;;NONLEX;OF;NONLEX;
11212;104;были;Ѕџ“№;V ipf praet pl indic - -;;;и;л;ы;б;;;V;Ѕџ“№;V ipf praet pl indic - -;
11213;105;барбарисы;Ѕј–Ѕј–»—;S m inan nom pl;;;ы;с;и;р;а;б;S;Ѕј–Ѕј–»—;S m inan acc pl;
11214;106;/;/;PUNC;;;;;;;;;PUNC;/;PUNC;
11215;107;/;/;PUNC;;;;;;;;;PUNC;/;PUNC;
11216;108;»;»;CONJ;;;и;;;;;;CONJ;»;CONJ;
11217;109;вот;¬ќ“;PART;;;т;о;в;;;;PART;¬ќ“;PART;
11218;110;так;“ј ;ADV -;;;к;а;т;;;;ADV;“ј ;ADV -;
11219;111;вот;¬ќ“;PART;;;т;о;в;;;;PART;¬ќ“;PART;
11220;112;/;/;PUNC;;;;;;;;;PUNC;/;PUNC;
11221;113;ну;Ќ”;PART;;;у;н;;;;;PART;Ќ”;PART;
11222;114;/;/;PUNC;;;;;;;;;PUNC;/;PUNC;
11223;115;много;ћЌќ√ќ;ADV -;;;о;г;о;н;м;;ADV;ћЌќ√ќ;ADV -;
11224;116;раз;–ј«;S m inan adnum sg;;;з;а;р;;;;S;–ј«;S m inan acc sg;
11225;117;€;я;SPRO sg 1p - nom;;;€;;;;;;SPRO;я;SPRO sg 1p - nom;
11226;118;улетал;”Ћ≈“ј“№;V ipf praet sg indic m -;;;л;а;т;е;л;у;V;”Ћ≈“ј“№;V ipf praet sg indic m -;
11227;119;в;¬;PR;;;в;;;;;;PR;¬;PR;
11228;120;эти;Ё“ќ“;A - acc pl plen - inan;;;и;т;э;;;;A;Ё“ќ“;A - acc pl plen - inan;
11229;121;терновые;“≈–Ќќ¬џ…;A - acc pl plen - inan;;;е;ы;в;о;н;р;A;“≈–Ќќ¬џ…;A - acc pl plen - inan;
11230;122;кусты; ”—“;S m inan acc pl;;;ы;т;с;у;к;;S; ”—“;S m inan acc pl;
11231;123;.;.;SENT;;;;;;;;;SENT;.;SENT;
11232;;;;;;;;;;;;;;;;
11233;1;Kирилл; »–»ЋЋ;S m anim pers nom sg;;;л;л;и;р;и;;S; »–»ЋЋ;S m anim nom sg;
11234;2;@;@;PUNC;;;;;;;;;PUNC;@;PUNC;
11235;3;≈ще;≈ў≈;ADV -;;;е;щ;е;;;;ADV;≈ў≈;ADV -;
11236;4;играли;»√–ј“№;V ipf praet pl indic - -;;;и;л;а;р;г;и;V;»√–ј“№;V ipf praet pl indic - -;
11237;5;в;¬ ќ—Ќќ¬Ќќћ;ADV слитно;;;в;;;;;;PR;¬;PR;
11238;6;основном;¬ ќ—Ќќ¬Ќќћ;ADV;;;м;о;н;в;о;н;A;ќ—Ќќ¬Ќќ…;A - loc sg plen m -;
11239;7;в;¬;PR;;;в;;;;;;PR;¬;PR;
11240;8;навес;Ќј¬≈—;S m inan acc sg;;;с;е;в;а;н;;S;Ќј¬≈—;S m inan acc sg;
11241;9;/;/;PUNC;;;;;;;;;PUNC;/;PUNC;
11242;10;мы;ћџ;SPRO pl 1p - nom;;;ы;м;;;;;SPRO;ћџ;SPRO pl 1p - nom;
11243;11;просто;ѕ–ќ—“ќ;PART;;;о;т;с;о;р;п;ADV;ѕ–ќ—“ќ;ADV -;
11244;12;сто€ли;—“ќя“№;V ipf praet pl indic - -;;;и;л;€;о;т;с;V;—“ќя“№;V ipf praet pl indic - -;
11245;13;на;Ќј;PR;;;а;н;;;;;PR;Ќј;PR;
11246;14;какой-то; ј ќ…-“ќ;A - loc sg plen f -;;;о;т;;й;о;к;A; ј ќ…-“ќ;A - loc sg plen f -;
11247;15;площадке;ѕЋќўјƒ ј;S f inan loc sg;;;е;к;д;а;щ;о;S;ѕЋќўјƒ ј;S f inan loc sg;
11248;16;/;/;PUNC;;;;;;;;;PUNC;/;PUNC;
11249;17;круглой; –”√Ћџ…;A - loc sg plen f -;;;й;о;л;г;у;р;A; –”√Ћџ…;A - gen sg plen f -;
11250;18;/;/;PUNC;;;;;;;;;PUNC;/;PUNC;
11251;19;и;»;CONJ;;;и;;;;;;CONJ;»;CONJ;
11252;20;там;“јћ;ADV -;;;м;а;т;;;;ADV;“јћ;ADV -;
11253;21;было;Ѕџ“№;V ipf praet sg indic n -;;;о;л;ы;б;;;V;Ѕџ“№;V ipf praet sg indic n -;
11254;22;два;ƒ¬ј;NUM nom m inan;;;а;в;д;;;;NUM;ƒ¬ј;NUM acc m inan;
11255;23;дерева;ƒ≈–≈¬ќ;S n inan adnum sg;;;а;в;е;р;е;д;S;ƒ≈–≈¬ќ;S n inan gen sg;
11256;24;/;/;PUNC;;;;;;;;;PUNC;/;PUNC;
11257;25;соответственно;—ќќ“¬≈“—“¬≈ЌЌќ;ADV -;;;о;н;н;е;в;т;ADV;—ќќ“¬≈“—“¬≈ЌЌќ;ADV -;
11258;26;/;/;PUNC;;;;;;;;;PUNC;/;PUNC;
11259;27;нужно;Ќ”∆Ќќ;ADV -;;;о;н;ж;у;н;;ADV;Ќ”∆Ќќ;ADV -;
11260;28;/;/;PUNC;;;;;;;;;PUNC;/;PUNC;
11261;29;ну;Ќ”;PART;;;у;н;;;;;PART;Ќ”;PART;
11262;30;нужно;Ќ”∆Ќќ;ADV -;;;о;н;ж;у;н;;ADV;Ќ”∆Ќќ;ADV -;
11263;31;было;Ѕџ“№;V ipf praet sg indic n -;;;о;л;ы;б;;;V;Ѕџ“№;V ipf praet sg indic n -;
11264;32;просто;ѕ–ќ—“ќ;PART;;;о;т;с;о;р;п;ADV;ѕ–ќ—“ќ;ADV -;
11265;33;забивать;«јЅ»¬ј“№;V ipf - - inf - -;;;ь;т;а;в;и;б;V;«јЅ»¬ј“№;V ipf - - inf - -;
11266;34;меж;ћ≈∆;PR;;;ж;е;м;;;;PR;ћ≈∆;PR;
11267;35;двух;ƒ¬ј;NUM loc - -;;;х;у;в;д;;;NUM;ƒ¬ј;NUM loc - -;
11268;36;этих;Ё“ќ“;A - loc pl plen - -;;;х;и;т;э;;;A;Ё“ќ“;A - gen pl plen - -;
11269;37;деревьев;ƒ≈–≈¬ќ;S n inan loc pl;;;в;е;ь;в;е;р;S;ƒ≈–≈¬ќ;S n inan gen pl;
11270;38;/;/;PUNC;;;;;;;;;PUNC;/;PUNC;
11271;39;с;—;PR;;;с;;;;;;PR;—;PR;
11272;40;навеса;Ќј¬≈—;S m inan gen sg;;;а;с;е;в;а;н;S;Ќј¬≈—;S m inan gen sg;
11273;41;/;/;PUNC;;;;;;;;;PUNC;/;PUNC;
11274;42;/;/;PUNC;;;;;;;;;PUNC;/;PUNC;
11275;43;»;»;CONJ;;;и;;;;;;CONJ;»;CONJ;
11276;44;суть;—”“№;S f inan nom sg;;;ь;т;у;с;;;S;—”“№;S f inan nom sg;
11277;45;заключалась;«ј Ћё„ј“№—я;V ipf praet sg indic med f -;;;ь;с;а;л;а;ч;V;«ј Ћё„ј“№—я;V ipf praet sg indic f -;
11278;46;в;¬;PR;;;в;;;;;;PR;¬;PR;
11279;47;том;“ќ;S n - loc sg;;;м;о;т;;;;S;“ќ;S n - loc sg;
11280;48;что;„“ќ;CONJ;;;о;т;ч;;;;CONJ;„“ќ;CONJ;
11281;49;/;/;PUNC;;;;;;;;;PUNC;/;PUNC;
11282;50;если;≈—Ћ»;CONJ;;;и;л;с;е;;;CONJ;≈—Ћ»;CONJ;
11283;51;кто; “ќ;S m - nom sg;;;о;т;к;;;;S; “ќ;S m - nom sg;
11284;52;первый;ѕ≈–¬џ…;A - nom sg plen m -;;;й;ы;в;р;е;п;A;ѕ≈–¬џ…;A - nom sg plen m -;
11285;53;з...;«јЅ»“№;V pf praet sg indic m -;;;;;;з;;;S;«...;S m inan nonflex nonflex;
11286;54;пропустил;ѕ–ќѕ”—“»“№;V pf praet sg indic m -;;;л;и;т;с;у;п;V;ѕ–ќѕ”—“»“№;V pf praet sg indic m -;
11287;55;определЄнное;ќѕ–≈ƒ≈Ћ≈ЌЌџ…;A - acc sg plen n inan;;;е;о;н;н;Є;л;A;ќѕ–≈ƒ≈Ћ≈ЌЌџ…;A - acc sg plen n inan;
11288;56;количество; ќЋ»„≈—“¬ќ;S n inan acc sg;;;о;в;т;с;е;ч;S; ќЋ»„≈—“¬ќ;S n inan acc sg;
11289;57;голов;√ќЋ;S m inan gen pl;;;в;о;л;о;г;;S;√ќЋќ¬ј;S f inan gen pl;
11290;58;тот;“ќ“;A - nom sg plen m -;;;т;о;т;;;;A;“ќ“;A - nom sg plen m -;
11291;59;встаЄт;¬—“ј¬ј“№;V ipf praes sg indic - 3p;;;т;Є;а;т;с;в;V;¬—“ј¬ј“№;V ipf praes sg indic - 3p;
11292;60;так;“ј ;PARENTH слитно;;;к;а;т;;;;ADV;“ј ;ADV -;
11293;61;сказать;— ј«ј“№;PARENTH;;;ь;т;а;з;а;к;V;— ј«ј“№;V pf - - inf - -;
11294;62;на;Ќј;PR;;;а;н;;;;;PR;Ќј;PR;
11295;63;жопу;∆ќѕј;S f inan acc sg;;;у;п;о;ж;;;S;∆ќѕј;S f inan acc sg;
11296;64;как; ј ;CONJ;;;к;а;к;;;;CONJ; ј ;CONJ;
11297;65;это;Ё“ќ;S n - nom sg;;;о;т;э;;;;S;Ё“ќ;S n - nom sg;
11298;66;называетс€;Ќј«џ¬ј“№—я;V ipf praes sg indic med - 3p;;;€;с;т;е;а;в;V;Ќј«џ¬ј“№—я;V ipf praes sg indic - 3p;
11299;67;/;/;PUNC;;;;;;;;;PUNC;/;PUNC;
11300;68;/;/;PUNC;;;;;;;;;PUNC;/;PUNC;
11301;69;Ќу;Ќ”;PART;;;у;н;;;;;PART;Ќ”;PART;
11302;70;то есть;то есть;PART;;;ь;т;с;е; ;о;-;то есть;-;
11303;71;он;ќЌ;SPRO sg 3p m nom;;;н;о;;;;;SPRO;ќЌ;SPRO sg 3p m nom;
11304;72;просто;ѕ–ќ—“ќ;PART;;;о;т;с;о;р;п;PART;ѕ–ќ—“ќ;PART;
11305;73;встаЄт;¬—“ј¬ј“№;V ipf praes sg indic - 3p;;;т;Є;а;т;с;в;V;¬—“ј¬ј“№;V ipf praes sg indic - 3p;
11306;74;в;¬;PR;;;в;;;;;;PR;¬;PR;
11307;75;ворота;¬ќ–ќ“ј;S - inan acc pl;;;а;т;о;р;о;в;S;¬ќ–ќ“ј;S - inan acc pl;
11308;76;/;/;PUNC;;;;;;;;;PUNC;/;PUNC;
11309;77;нагибаетс€;Ќј√»Ѕј“№—я;V ipf praes sg indic med - 3p;;;€;с;т;е;а;б;V;Ќј√»Ѕј“№—я;V ipf praes sg indic - 3p;
11310;78;задом;«јƒ;S m inan ins sg;;;м;о;д;а;з;;S;«јƒ;S m inan ins sg;
11311;79;ко; ќ;PR;;;о;к;;;;;PR; ќ;PR;
11312;80;всем;¬—≈;S n - loc sg;;;м;е;с;в;;;S;¬—≈;S n - loc sg;
11313;81;и;»;CONJ;;;и;;;;;;CONJ;»;CONJ;
11314;82;ему;ќЌ;SPRO sg 3p m dat;;;у;м;е;;;;SPRO;ќЌ;SPRO sg 3p m dat;
11315;83;бьют;Ѕ»“№;V ipf praes pl indic - 3p;;;т;ю;ь;б;;;V;Ѕ»“№;V ipf praes pl indic - 3p;
11316;84;/;/;PUNC;;;;;;;;;PUNC;/;PUNC;
11317;85;м€чом;ћя„;S m inan ins sg;;;м;о;ч;€;м;;S;ћя„;S m inan ins sg;
11318;86;/;/;PUNC;;;;;;;;;PUNC;/;PUNC;
11319;87;/;/;PUNC;;;;;;;;;PUNC;/;PUNC;
11320;88;¬от;¬ќ“;PART;;;т;о;в;;;;PART;¬ќ“;PART;
11321;89;то есть;то есть;PARENTH;;;ь;т;с;е; ;о;-;то есть;-;
11322;90;отлично;ќ“Ћ»„Ќќ;ADV -;;;о;н;ч;и;л;т;ADV;ќ“Ћ»„Ќќ;ADV -;
11323;91;проводили;ѕ–ќ¬ќƒ»“№;V ipf praet pl indic - -;;;и;л;и;д;о;в;V;ѕ–ќ¬ќƒ»“№;V ipf praet pl indic - -;
11324;92;врем€;¬–≈ћя;S n inan acc sg;;;€;м;е;р;в;;S;¬–≈ћя;S n inan acc sg;
11325;93;/;/;PUNC;;;;;;;;;PUNC;/;PUNC;
11326;94;ещЄ;≈ў≈;ADV -;;;Є;щ;е;;;;ADV;≈ў≈;ADV -;
11327;95;купались; ”ѕј“№—я;V ipf praet pl indic med - -;;;ь;с;и;л;а;п;V; ”ѕј“№—я;V ipf praet pl indic - -;
11328;96;да;ƒј;PART;;;а;д;;;;;CONJ;ƒј;CONJ;
11329;97;/;/;PUNC;;;;;;;;;PUNC;/;PUNC;
11330;98;/;/;PUNC;;;;;;;;;PUNC;/;PUNC;
11331;99;“ам;“јћ;ADV -;;;м;а;т;;;;ADV;“јћ;ADV -;
11332;100;были...;Ѕџ“№...;V ipf praet pl indic - -;;;;;;и;л;ы;V;Ѕџ“№...;V ipf praet pl indic - -;
11333;101;была;Ѕџ“№;V ipf praet sg indic f -;;;а;л;ы;б;;;V;Ѕџ“№;V ipf praet sg indic f -;
11334;102;отлична€;ќ“Ћ»„Ќџ…;A - nom sg plen f -;;;€;а;н;ч;и;л;A;ќ“Ћ»„Ќџ…;A - nom sg plen f -;
11335;103;река;–≈ ј;S f inan nom sg;;;а;к;е;р;;;S;–≈ ј;S f inan nom sg;
11336;104;/;/;PUNC;;;;;;;;;PUNC;/;PUNC;
11337;105;как раз;как раз;PART;;;з;а;р; ;к;а;-;как раз;-;
11338;106;тот;“ќ“;A - nom sg plen m -;;;т;о;т;;;;A;“ќ“;A - nom sg plen m -;
11339;107;самый;—јћџ…;A - nom sg plen m -;;;й;ы;м;а;с;;A;—јћџ…;A - nom sg plen m -;
11340;108;&;&;PUNC;;;;;;;;;PUNC;&;PUNC;
11341;109;lt;LT;NONLEX;;;;;;;;;NONLEX;LT;NONLEX;
11342;110;";";";";PUNC;;;;;;;;;PUNC;";";PUNC;
11343;111;noindex;NOINDEX;NONLEX;;;;;;;;;NONLEX;NOINDEX;NONLEX;
11344;112;&;&;PUNC;;;;;;;;;PUNC;&;PUNC;
11345;113;gt;GT;NONLEX;;;;;;;;;NONLEX;GT;NONLEX;
11346;114;";";";";SENT;;;;;;;;;SENT;";";SENT;
11347;;;;;;;;;;;;;;;;
11348;1;[;[;PUNC;;;;;;;;;PUNC;[;PUNC;
11349;2;нрзб;Ќ–«Ѕ;NONLEX;;;б;з;р;н;;;NONLEX;Ќ–«Ѕ;NONLEX;
11350;3;];];PUNC;;;;;;;;;PUNC;];PUNC;
11351;4;&;&;PUNC;;;;;;;;;PUNC;&;PUNC;
11352;5;lt;LT;NONLEX;;;;;;;;;NONLEX;LT;NONLEX;
11353;6;";";";";SENT;;;;;;;;;SENT;";";SENT;
11354;;;;;;;;;;;;;;;;
11355;1;/;/;PUNC;;;;;;;;;PUNC;/;PUNC;
11356;2;noindex;NOINDEX;NONLEX;;;;;;;;;NONLEX;NOINDEX;NONLEX;
11357;3;&;&;PUNC;;;;;;;;;PUNC;&;PUNC;
11358;4;gt;GT;NONLEX;;;;;;;;;NONLEX;GT;NONLEX;
11359;5;";";";";SENT;;;;;;;;;SENT;";";SENT;
11360;;;;;;;;;;;;;;;;
11361;1;„то;„“ќ;CONJ;;;о;т;ч;;;;CONJ;„“ќ;CONJ;
11362;2;там;“јћ;ADV -;;;м;а;т;;;;ADV;“јћ;ADV -;
11363;3;было;Ѕџ“№;V ipf praet sg indic n -;;;о;л;ы;б;;;V;Ѕџ“№;V ipf praet sg indic n -;
11364;4;?;?;SENT;;;;;;;;;SENT;?;SENT;
11365;;;;;;;;;;;;;;;;
11366;1;“ам;“јћ;ADV -;;;м;а;т;;;;ADV;“јћ;ADV -;
11367;2;лично;Ћ»„Ќќ;PART;;;о;н;ч;и;л;;ADV;Ћ»„Ќќ;ADV -;
11368;3;вот;¬ќ“;PART;;;т;о;в;;;;PART;¬ќ“;PART;
11369;4;у;”;PR;;;у;;;;;;PR;”;PR;
11370;5;ме...;ћ≈Ќя;SPRO sg 1p - gen;;;;;;е;м;;INTJ;ћ≈...;INTJ;
11371;6;нас;ћџ;SPRO pl 1p - gen;;;с;а;н;;;;SPRO;ћџ;SPRO pl 1p - loc;
11372;7;где;√ƒ≈;ADV -;;;е;д;г;;;;ADV;√ƒ≈;ADV -;
11373;8;был;Ѕџ“№;V ipf praet sg indic m -;;;л;ы;б;;;;V;Ѕџ“№;V ipf praet sg indic m -;
11374;9;выход;¬џ’ќƒ;S m inan nom sg;;;д;о;х;ы;в;;S;¬џ’ќƒ;S m inan nom sg;
11375;10;там;“јћ;ADV -;;;м;а;т;;;;ADV;“јћ;ADV -;
11376;11;/;/;PUNC;;;;;;;;;PUNC;/;PUNC;
11377;12;были;Ѕџ“№;V ipf praet pl indic - -;;;и;л;ы;б;;;V;Ѕџ“№;V ipf praet pl indic - -;
11378;13;камни; јћ≈Ќ№;S m inan nom pl;;;и;н;м;а;к;;S; јћ≈Ќ№;S m inan nom pl;
11379;14;/;/;PUNC;;;;;;;;;PUNC;/;PUNC;
11380;15;ну;Ќ”;PART;;;у;н;;;;;PART;Ќ”;PART;
11381;16;то есть;то есть;PARENTH;;;ь;т;с;е; ;о;-;то есть;-;
11382;17;там;“јћ;ADV -;;;м;а;т;;;;ADV;“јћ;ADV -;
11383;18;была;Ѕџ“№;V ipf praet sg indic f -;;;а;л;ы;б;;;V;Ѕџ“№;V ipf praet sg indic f -;
11384;19;мель;ћ≈Ћ№;S f inan nom sg;;;ь;л;е;м;;;S;ћ≈Ћ№;S f inan acc sg;
11385;20;такие;“ј ќ…;A - nom pl plen - -;;;е;и;к;а;т;;A;“ј ќ…;A - nom pl plen - -;
11386;21;пороги;ѕќ–ќ√;S m inan nom pl;;;и;г;о;р;о;п;S;ѕќ–ќ√;S m inan nom pl;
11387;22;/;/;PUNC;;;;;;;;;PUNC;/;PUNC;
11388;23;и;»;CONJ;;;и;;;;;;CONJ;»;CONJ;
11389;24;можно;ћќ∆Ќќ;ADV -;;;о;н;ж;о;м;;ADV;ћќ∆Ќќ;ADV -;
11390;25;было;Ѕџ“№;V ipf praet sg indic n -;;;о;л;ы;б;;;V;Ѕџ“№;V ipf praet sg indic n -;
11391;26;а;ј;CONJ;;;а;;;;;;CONJ;ј;CONJ;
11392;27;-;-;PUNC;;;;;;;;;PUNC;-;PUNC;
11393;28;ходить;’ќƒ»“№;V ipf - - inf - -;;;ь;т;и;д;о;х;V;’ќƒ»“№;V ipf - - inf - -;
11394;29;по;ѕќ;PR;;;о;п;;;;;PR;ѕќ;PR;
11395;30;порогам;ѕќ–ќ√;S m inan dat pl;;;м;а;г;о;р;о;S;ѕќ–ќ√;S m inan dat pl;
11396;31;/;/;PUNC;;;;;;;;;PUNC;/;PUNC;
11397;32;там;“јћ;ADV -;;;м;а;т;;;;ADV;“јћ;ADV -;
11398;33;в;¬ ќ—Ќќ¬Ќќћ;ADV слитно ;;;в;;;;;;PR;¬;PR;
11399;34;основном;¬ ќ—Ќќ¬Ќќћ;ADV;;;м;о;н;в;о;н;A;ќ—Ќќ¬Ќќ…;A - loc sg plen n -;
11400;35;рыбаки;–џЅј ;S m anim nom pl;;;и;к;а;б;ы;р;S;–џЅј ;S m anim nom pl;
11401;36;всегда;¬—≈√ƒј;ADV -;;;а;д;г;е;с;в;ADV;¬—≈√ƒј;ADV -;
11402;37;рыбу;–џЅј;S f anim acc sg;;;у;б;ы;р;;;S;–џЅј;S f anim acc sg;
11403;38;ловили;Ћќ¬»“№;V ipf praet pl indic - -;;;и;л;и;в;о;л;V;Ћќ¬»“№;V ipf praet pl indic - -;
11404;39;и;»;CONJ;;;и;;;;;;CONJ;»;CONJ;
11405;40;там;“јћ;ADV -;;;м;а;т;;;;ADV;“јћ;ADV -;
11406;41;сложно;—Ћќ∆Ќќ;ADV -;;;о;н;ж;о;л;с;ADV;—Ћќ∆Ќќ;ADV -;
11407;42;было;Ѕџ“№;V ipf praet sg indic n -;;;о;л;ы;б;;;V;Ѕџ“№;V ipf praet sg indic n -;
11408;43;сто€ть;—“ќя“№;V ipf - - inf - -;;;ь;т;€;о;т;с;V;—“ќя“№;V ipf - - inf - -;
11409;44;/;/;PUNC;;;;;;;;;PUNC;/;PUNC;
11410;45;/;/;PUNC;;;;;;;;;PUNC;/;PUNC;
11411;46;“о есть;“о есть;PARENTH;;;ь;т;с;е; ;о;-;“о есть;-;
11412;47;,;,;PUNC;;;;;;;;;PUNC;,;PUNC;
11413;48;если...;≈—Ћ»...;CONJ;;;;;;и;л;с;CONJ;≈—Ћ»...;CONJ;
11414;49;если;≈—Ћ»;CONJ;;;и;л;с;е;;;CONJ;≈—Ћ»;CONJ;
11415;50;ты;“џ;SPRO sg 2p - nom;;;ы;т;;;;;SPRO;“џ;SPRO sg 2p - nom;
11416;51;оказывалс€;ќ ј«џ¬ј“№—я;V ipf praet sg indic med m -;;;€;с;л;а;в;ы;V;ќ ј«џ¬ј“№—я;V ipf praet sg indic m -;
11417;52;недостаточно;Ќ≈ƒќ—“ј“ќ„Ќќ;ADV -;;;о;н;ч;о;т;а;ADV;Ќ≈ƒќ—“ј“ќ„Ќќ;ADV -;
11418;53;сильным;—»Ћ№Ќџ…;A - ins sg plen n -;;;м;ы;н;ь;л;и;A;—»Ћ№Ќџ…;A - ins sg plen n -;
11419;54;/;/;PUNC;;;;;;;;;PUNC;/;PUNC;
11420;55;теб€;“џ;SPRO sg 2p - acc;;;€;б;е;т;;;SPRO;“џ;SPRO sg 2p - acc;
11421;56;могло;ћќ„№;V ipf praet sg indic n -;;;о;л;г;о;м;;V;ћќ„№;V ipf praet sg indic n -;
11422;57;просто;ѕ–ќ—“ќ;PART;;;о;т;с;о;р;п;PART;ѕ–ќ—“ќ;PART;
11423;58;снести;—Ќ≈—“»;V pf - - inf - -;;;и;т;с;е;н;с;V;—Ќ≈—“»;V pf - - inf - -;
11424;59;и;»;CONJ;;;и;;;;;;CONJ;»;CONJ;
11425;60;отнести;ќ“Ќ≈—“»;V pf - - inf - -;;;и;т;с;е;н;т;V;ќ“Ќ≈—“»;V pf - - inf - -;
11426;61;на;Ќј;PR;;;а;н;;;;;PR;Ќј;PR;
11427;62;острые;ќ—“–џ…;A - acc pl plen - inan;;;е;ы;р;т;с;о;A;ќ—“–џ…;A - acc pl plen - inan;
11428;63;камни; јћ≈Ќ№;S m inan acc pl;;;и;н;м;а;к;;S; јћ≈Ќ№;S m inan acc pl;
11429;64;.;.;SENT;;;;;;;;;SENT;.;SENT;
11430;;;;;;;;;;;;;;;;
11431;1;¬от..;¬ќ“..;PART;;;;;т;о;в;;PART;¬ќ“..;PART;
11432;2;ещЄ;≈ў≈;ADV -;;;Є;щ;е;;;;ADV;≈ў≈;ADV -;
11433;3;там;“јћ;ADV -;;;м;а;т;;;;ADV;“јћ;ADV -;
11434;4;были;Ѕџ“№;V ipf praet pl indic - -;;;и;л;ы;б;;;V;Ѕџ“№;V ipf praet pl indic - -;
11435;5;просто;ѕ–ќ—“ќ;PART;;;о;т;с;о;р;п;PART;ѕ–ќ—“ќ;PART;
11436;6;камни; јћ≈Ќ№;S m inan nom pl;;;и;н;м;а;к;;S; јћ≈Ќ№;S m inan nom pl;
11437;7;которые; ќ“ќ–џ…;A - nom pl plen - -;;;е;ы;р;о;т;о;A; ќ“ќ–џ…;A - nom pl plen - -;
11438;8;/;/;PUNC;;;;;;;;;PUNC;/;PUNC;
11439;9;один;ќƒ»Ќ;A - nom sg plen m -;;;н;и;д;о;;;A;ќƒ»Ќ;A - nom sg plen m -;
11440;10;за;«ј;PR;;;а;з;;;;;PR;«ј;PR;
11441;11;другим;ƒ–”√ќ…;A - dat pl plen - -;;;м;и;г;у;р;д;A;ƒ–”√ќ…;A - dat pl plen - -;
11442;12;вот;¬ќ“;PART;;;т;о;в;;;;PART;¬ќ“;PART;
11443;13;так;“ј ;ADV -;;;к;а;т;;;;ADV;“ј ;ADV -;
11444;14;вот;¬ќ“;PART;;;т;о;в;;;;PART;¬ќ“;PART;
11445;15;/;/;PUNC;;;;;;;;;PUNC;/;PUNC;
11446;16;вели;¬≈—“»;V ipf praet pl indic - -;;;и;л;е;в;;;V;¬≈—“»;V ipf praet pl indic - -;
11447;17;к; ;PR;;;к;;;;;;PR; ;PR;
11448;18;большей;ЅќЋ№Ў»…;A - loc sg plen f -;;;й;е;ш;ь;л;о;A;ЅќЋ№Ў»…;A - loc sg plen f -;
11449;19;глубине;√Ћ”Ѕ»Ќј;S f inan loc sg;;;е;н;и;б;у;л;S;√Ћ”Ѕ»Ќј;S f inan loc sg;
11450;20;с;—;PR;;;с;;;;;;PR;—;PR;
11451;21;этого...;Ё“ќ...;S m inan gen sg;;;;;;о;г;о;S;Ё“ќ...;S m inan gen sg;
11452;22;с;—;PR;;;с;;;;;;PR;—;PR;
11453;23;этой;Ё“ќ“;A - gen sg plen f -;;;й;о;т;э;;;A;Ё“ќ“;A - gen sg plen f -;
11454;24;мел»;ћ≈Ћ№;S f inan loc sg anom;;;и;л;е;м;;;S;ћ≈Ћ№;S f inan loc sg;
11455;25;/;/;PUNC;;;;;;;;;PUNC;/;PUNC;
11456;26;и;»;CONJ;;;и;;;;;;CONJ;»;CONJ;
11457;27;вот;¬ќ“;PART;;;т;о;в;;;;PART;¬ќ“;PART;
11458;28;ты;“џ;SPRO sg 2p - nom;;;ы;т;;;;;SPRO;“џ;SPRO sg 2p - nom;
11459;29;попадал;ѕќѕјƒј“№;V ipf praet sg indic m -;;;л;а;д;а;п;о;V;ѕќѕјƒј“№;V ipf praet sg indic m -;
11460;30;там;“јћ;ADV -;;;м;а;т;;;;ADV;“јћ;ADV -;
11461;31;на;Ќј;PR;;;а;н;;;;;PR;Ќј;PR;
11462;32;глубину;√Ћ”Ѕ»Ќј;S f inan acc sg;;;у;н;и;б;у;л;S;√Ћ”Ѕ»Ќј;S f inan acc sg;
11463;33;два;ƒ¬ј;NUM acc m inan;;;а;в;д;;;;NUM;ƒ¬ј;NUM acc m inan;
11464;34;метра;ћ≈“–;S m inan adnum sg;;;а;р;т;е;м;;S;ћ≈“–;S m inan gen sg;
11465;35;/;/;PUNC;;;;;;;;;PUNC;/;PUNC;
11466;36;три;“–»;NUM nom - -;;;и;р;т;;;;NUM;“–»;NUM nom - -;
11467;37;/;/;PUNC;;;;;;;;;PUNC;/;PUNC;
11468;38;/;/;PUNC;;;;;;;;;PUNC;/;PUNC;
11469;39; огда; ќ√ƒј;CONJ;;;а;д;г;о;к;;CONJ; ќ√ƒј;CONJ;
11470;40;ты;“џ;SPRO sg 2p - nom;;;ы;т;;;;;SPRO;“џ;SPRO sg 2p - nom;
11471;41;маленький;ћјЋ≈Ќ№ »…;A - nom sg plen m -;;;й;и;к;ь;н;е;A;ћјЋ≈Ќ№ »…;A - nom sg plen m -;
11472;42;мальчик;ћјЋ№„» ;S m anim nom sg;;;к;и;ч;ь;л;а;S;ћјЋ№„» ;S m anim nom sg;
11473;43;тебе;“џ;SPRO sg 2p - dat;;;е;б;е;т;;;SPRO;“џ;SPRO sg 2p - loc;
11474;44;это;Ё“ќ;S n - nom sg;;;о;т;э;;;;S;Ё“ќ;S n - nom sg;
11475;45;кажетс€; ј«ј“№—я;V ipf praes sg indic med - 3p;;;€;с;т;е;ж;а;V; ј«ј“№—я;V ipf praes sg indic - 3p;
11476;46;очень;ќ„≈Ќ№;ADV -;;;ь;н;е;ч;о;;ADV;ќ„≈Ќ№;ADV -;
11477;47;высоким...;¬џ—ќ »…...;A - ins pl plen - -;;;;;;м;и;к;A;¬џ—ќ »…...;A - dat pl plen - -;
11478;48;очень;ќ„≈Ќ№;ADV -;;;ь;н;е;ч;о;;ADV;ќ„≈Ќ№;ADV -;
11479;49;глубоким;√Ћ”Ѕќ »…;A - ins sg plen n -;;;м;и;к;о;б;у;A;√Ћ”Ѕќ »…;A - ins sg plen n -;
11480;50;/;/;PUNC;;;;;;;;;PUNC;/;PUNC;
11481;51;/;/;PUNC;;;;;;;;;PUNC;/;PUNC;
11482;52;Ќу;Ќ”;PART;;;у;н;;;;;PART;Ќ”;PART;
11483;53;ты;“џ;SPRO sg 2p - nom;;;ы;т;;;;;SPRO;“џ;SPRO sg 2p - nom;
11484;54;ползЄшь;ѕќЋ«“»;V ipf praes sg indic - 2p;;;ь;ш;Є;з;л;о;V;ѕќЋ«“»;V ipf praes sg indic - 2p;
11485;55;по;ѕќ;PR;;;о;п;;;;;PR;ѕќ;PR;
11486;56;этим;Ё“ќ“;A - dat pl plen - -;;;м;и;т;э;;;A;Ё“ќ“;A - dat pl plen - -;
11487;57;камн€м; јћ≈Ќ№;S m inan dat pl;;;м;€;н;м;а;к;S; јћ≈Ќ№;S m inan dat pl;
11488;58;/;/;PUNC;;;;;;;;;PUNC;/;PUNC;
11489;59;и;»;CONJ;;;и;;;;;;CONJ;»;CONJ;
11490;60;просто;ѕ–ќ—“ќ;ADV -;;;о;т;с;о;р;п;ADV;ѕ–ќ—“ќ;ADV -;
11491;61;прыгаешь;ѕ–џ√ј“№;V ipf praes sg indic - 2p;;;ь;ш;е;а;г;ы;V;ѕ–џ√ј“№;V ipf praes sg indic - 2p;
11492;62;/;/;PUNC;;;;;;;;;PUNC;/;PUNC;
11493;63;купаешьс€; ”ѕј“№—я;V ipf praes sg indic med - 2p;;;€;с;ь;ш;е;а;V; ”ѕј“№—я;V ipf praes sg indic - 2p;
11494;64;/;/;PUNC;;;;;;;;;PUNC;/;PUNC;
11495;65;/;/;PUNC;;;;;;;;;PUNC;/;PUNC;
11496;66;Ѕыла;Ѕџ“№;V ipf praet sg indic f -;;;а;л;ы;б;;;V;Ѕџ“№;V ipf praet sg indic f -;
11497;67;ещЄ;≈ў≈;ADV -;;;Є;щ;е;;;;ADV;≈ў≈;ADV -;
11498;68;тарзанка;“ј–«јЌ ј;S f inan nom sg;;;а;к;н;а;з;р;S;“ј–«јЌќ ;S m inan gen sg;
11499;69;там;“јћ;ADV -;;;м;а;т;;;;ADV;“јћ;ADV -;
11500;70;ну;Ќ”;PART;;;у;н;;;;;PART;Ќ”;PART;
11501;71;&;&;PUNC;;;;;;;;;PUNC;&;PUNC;
11502;72;lt;LT;NONLEX;;;;;;;;;NONLEX;LT;NONLEX;
11503;73;";";";";PUNC;;;;;;;;;PUNC;";";PUNC;
11504;74;distinct;DISTINCT;NONLEX;;;;;;;;;NONLEX;DISTINCT;NONLEX;
11505;75;form;FORM;NONLEX;;;;;;;;;NONLEX;FORM;NONLEX;
11506;76;=;=;PUNC;;;;;;;;;PUNC;=;PUNC;
11507;77;&;&;PUNC;;;;;;;;;PUNC;&;PUNC;
11508;78;#;#;PUNC;;;;;;;;;PUNC;#;PUNC;
11509;79;39;39;NONLEX;;;;;;;;;NUM;39;NUM - - -;
11510;80;";";";";PUNC;;;;;;;;;PUNC;";";PUNC;
11511;81;вощм;¬ ќЅў≈ћ;PARENTH distort;;;м;щ;о;в;;;NONLEX;¬ќўћ;NONLEX;
11512;82;&;&;PUNC;;;;;;;;;PUNC;&;PUNC;
11513;83;#;#;PUNC;;;;;;;;;PUNC;#;PUNC;
11514;84;39;39;NONLEX;;;;;;;;;NUM;39;NUM - - -;
11515;85;";";";";SENT;;;;;;;;;SENT;";";SENT;
11516;;;;;;;;;;;;;;;;
11517;1;&;&;PUNC;;;;;;;;;PUNC;&;PUNC;
11518;2;gt;GT;NONLEX;;;;;;;;;NONLEX;GT;NONLEX;
11519;3;";";";";SENT;;;;;;;;;SENT;";";SENT;
11520;;;;;;;;;;;;;;;;
11521;1;&;&;PUNC;;;;;;;;;PUNC;&;PUNC;
11522;2;lt;LT;NONLEX;;;;;;;;;NONLEX;LT;NONLEX;
11523;3;";";";";SENT;;;;;;;;;SENT;";";SENT;
11524;;;;;;;;;;;;;;;;
11525;1;/;/;PUNC;;;;;;;;;PUNC;/;PUNC;
11526;2;distinct;DISTINCT;NONLEX;;;;;;;;;NONLEX;DISTINCT;NONLEX;
11527;3;&;&;PUNC;;;;;;;;;PUNC;&;PUNC;
11528;4;gt;GT;NONLEX;;;;;;;;;NONLEX;GT;NONLEX;
11529;5;";";";";PUNC;;;;;;;;;PUNC;";";PUNC;
11530;6;в;¬ ќЅў≈ћ;PARENTH слитно;;;в;;;;;;PR;¬;PR;
11531;7;общем;¬ ќЅў≈ћ;PARENTH;;;м;е;щ;б;о;;A;ќЅў»…;A - loc sg plen m -;
11532;8;,;,;PUNC;;;;;;;;;PUNC;,;PUNC;
11533;9;обычные;ќЅџ„Ќџ…;A - nom pl plen - -;;;е;ы;н;ч;ы;б;A;ќЅџ„Ќџ…;A - nom pl plen - -;
11534;10;такие;“ј ќ…;A - nom pl plen - -;;;е;и;к;а;т;;A;“ј ќ…;A - nom pl plen - -;
11535;11;деревенские;ƒ≈–≈¬≈Ќ— »…;A - nom pl plen - -;;;е;и;к;с;н;е;A;ƒ≈–≈¬≈Ќ— »…;A - nom pl plen - -;
11536;12;развлечени€;–ј«¬Ћ≈„≈Ќ»≈;S n inan nom pl;;;€;и;н;е;ч;е;S;–ј«¬Ћ≈„≈Ќ»≈;S n inan nom pl;
11537;13;/;/;PUNC;;;;;;;;;PUNC;/;PUNC;
11538;14;/;/;PUNC;;;;;;;;;PUNC;/;PUNC;
11539;15;≈щЄ;≈ў≈;ADV -;;;Є;щ;е;;;;ADV;≈ў≈;ADV -;
11540;16;...;...;SENT;;;;;;;;;SENT;...;SENT;
11541;;;;;;;;;;;;;;;;
11542;1;/;/;PUNC;;;;;;;;;PUNC;/;PUNC;
11543;2;/;/;PUNC;;;;;;;;;PUNC;/;PUNC;
11544;3;Ќу;Ќ”;PART;;;у;н;;;;;PART;Ќ”;PART;
11545;4;...;...;SENT;;;;;;;;;SENT;...;SENT;
11546;;;;;;;;;;;;;;;;
11547;1;јлександр;јЋ≈ —јЌƒ–;S m anim pers nom sg;;;р;д;н;а;с;к;S;јЋ≈ —јЌƒ–;S m anim nom sg;
11548;2;@;@;PUNC;;;;;;;;;PUNC;@;PUNC;
11549;3;ќт;ќ“;PR;;;т;о;;;;;PR;ќ“;PR;
11550;4;души;ƒ”Ўј;S f inan gen pl;;;и;ш;у;д;;;S;ƒ”Ўј;S f inan acc pl;
11551;5;,;,;PUNC;;;;;;;;;PUNC;,;PUNC;
11552;6;от;ќ“;PR;;;т;о;;;;;PR;ќ“;PR;
11553;7;души;ƒ”Ўј;S f inan gen sg;;;и;ш;у;д;;;S;ƒ”Ўј;S f inan gen sg;
11554;8;...;...;SENT;;;;;;;;;SENT;...;SENT;
11555;;;;;;;;;;;;;;;;
11556;1; ирилл; »–»ЋЋ;S m anim pers nom sg;;;л;л;и;р;и;к;S; »–»ЋЋ;S m anim nom sg;
11557;2;@;@;PUNC;;;;;;;;;PUNC;@;PUNC;
11558;3;я;я;S - - nonflex nonflex;;;€;;;;;;S;я;S - - nonflex nonflex;
11559;4;специально;—ѕ≈÷»јЋ№Ќќ;ADV -;;;о;н;ь;л;а;и;ADV;—ѕ≈÷»јЋ№Ќќ;ADV -;
11560;5;пыталс€;ѕџ“ј“№—я;V ipf praet sg indic m -;;;€;с;л;а;т;ы;V;ѕџ“ј“№—я;V ipf praet sg indic m -;
11561;6;сделать;—ƒ≈Ћј“№;V pf - - inf - -;;;ь;т;а;л;е;д;V;—ƒ≈Ћј“№;V pf - - inf - -;
11562;7;мост;ћќ—“;S m inan acc sg;;;т;с;о;м;;;S;ћќ—“;S m inan acc sg;
11563;8;/;/;PUNC;;;;;;;;;PUNC;/;PUNC;
11564;9;как; ј ;CONJ;;;к;а;к;;;;CONJ; ј ;CONJ;
11565;10;это;Ё“ќ;S n - nom sg;;;о;т;э;;;;S;Ё“ќ;S n - nom sg;
11566;11;называ;Ќј«џ¬ј≈“—я;V ipf praes sg indic - 3p distort;;;а;в;ы;з;а;н;S;Ќј«џ¬;S m inan gen sg;
11567;12;...;...;SENT;;;;;;;;;SENT;...;SENT;
